pca_00	pca_01	pca_02	pca_03	pca_04	pca_05	pca_06	pca_07	pca_08	pca_09	pca_10	pca_11	pca_12	pca_13	pca_14	pca_15	pca_16	pca_17	pca_18	pca_19	pca_20	pca_21	pca_22	pca_23	pca_24	pca_25	pca_26	pca_27	pca_28	pca_29	pca_30	pca_31	pca_32	pca_33	pca_34	pca_35	pca_36	pca_37	pca_38	pca_39	pca_40	pca_41	pca_42	pca_43	pca_44	pca_45	pca_46	pca_47	pca_48	pca_49	pca_50	pca_51	pca_52
-0.12792136279889046	-0.07627344474229054	0.02811750037083007	0.12879301481920288	0.07005951071695471	-0.03736804470426362	-0.010047301476776571	0.13315882489068448	-0.05512827330160784	0.08106905159076923	0.03249643668704785	-0.011893077892222083	0.04486835604423114	-0.022276194776134746	0.021014732840214916	0.016251870067408452	0.0801405214502445	0.022105696419933485	0.11006831962163381	0.06092949814666561	0.09021399201893975	0.05504897465940476	-0.02201719009010994	0.09896488783532387	0.07782971792571994	0.0527443834115255	-0.03586714791323175	0.011908887164068573	0.004706466695795767	0.08889916246338678	-0.16772982917736137	-0.028759103579226893	-0.01094520952444307	0.02600906222027715	0.0582827229685328	0.036030891137132426	0.0469749192113489	0.06023094463544775	0.08097451920878128	0.035764097205896093	-0.06570300509929515	0.07067598851271205	-0.02368138578091869	-0.09145346887277182	-0.06008988313204705	0.022141310585835426	0.0832938436129286	-0.04557398324426744	-0.004940438341259807	0.022748272478786618	-0.03555643248033068	0.08712509595742958	0.009490353544008867
-0.11719130062000704	-0.11150628854344459	0.04625198223325428	0.1727059220620818	0.12616907107405792	-0.03184496922578434	-0.12725788001694238	0.17034153908157507	-0.032560713671755045	0.10884556557495327	0.0621977732265929	-0.0660725982017595	-0.002355421046112441	-0.11568073431229244	-0.0263842993894659	-0.04894219287443427	0.11853001238963984	0.099164500736092	0.09768189985483704	0.07047889563701318	0.04090266130883514	0.15878642118678657	-0.0453734353693818	0.04783180479706908	0.1707547966215107	0.15951055349950055	-0.05834844398902298	0.03471907453107345	0.001994312593954717	0.11813461845554465	-0.21592131660336783	0.045433441462445164	-0.005733809642640662	0.08438690028333669	0.08934182235144915	-0.02469310349884313	0.05388162822061617	0.07081868527033629	0.13453574395606785	0.008039637526947082	-0.007129929674336698	0.12494261315509045	0.05106309958309896	-0.03525867370945596	-0.13464490697389442	0.014713630672497714	0.05390722948926	0.05283298799900174	-0.020732130823466543	-0.08155793608468327	-0.017861171500511405	0.11364669357530072	0.06086705503800839
-0.11352474924757308	-0.1690733574664981	0.04087668358997551	0.07503310398077478	0.02970689889096159	0.013756896791173284	-0.21764360044002562	0.06079538419208519	-0.011303758250695517	-0.041072292821268466	0.10645022692388274	-0.11625855241939327	-0.05575649989566708	-0.14152001863317676	-0.005571792459413895	-0.07730387217633232	0.021013870749074237	0.010763035007330887	0.06287849696527653	-0.0034902939871491144	0.017464937287593456	0.07462384609616647	-0.0172301009157566	0.07216475917676456	0.16797215302076074	0.07511678584995109	-0.1458814740694358	0.006171844407636694	-0.053370760326614725	-0.07140726535071909	-0.05547411572360942	0.06975622350510324	-0.09441526422916464	0.03284531140937202	0.03473569514681551	0.007136112480706374	-0.08303011296006062	-0.035548488286098544	0.03853645281284972	-0.1360305803851396	0.04640576574683593	0.13774237780551316	0.042436079425801174	0.13244223744125075	-0.08755726203732356	-0.013388769706395968	-0.06222581112390708	0.07003516278337117	-0.03210053557871911	-0.12463748190676353	0.061744893880558635	0.043313344858183334	0.07479976575720652
-0.11564557715443732	-0.1867959743436025	0.02095821512673792	0.027912383481236674	-0.052929948998072046	-0.053548172528877766	-0.16989559846759794	0.026172958860992912	-0.0915189636314731	-0.010739232305163077	0.08886175368955403	-0.14784005532714647	0.10301496761563976	-0.06501636622150173	0.03574108231892054	0.013408566018043267	0.04672082246362276	-0.0628087279026031	0.17635415798889018	-0.021528409549214894	0.027215166708254968	-0.018652187883555015	0.042967880511191145	0.10274412214509282	0.034559911408554383	-0.1284886342649945	-0.06674108630980444	0.03490867056939844	-0.12137293882568627	-0.18737818773567605	0.08480605939069943	0.08735806518372745	-0.03765431343601029	-0.014538421763569348	0.07181430971490767	0.071494237771781	-0.10042695425605476	-0.017951289983763424	-0.004591470280827192	-0.10524032772747245	-0.05331191770251285	0.07394080327686203	-0.058782639140187866	-0.03597819617297887	0.013741051640597857	-0.11160218887887904	-0.009549408784211117	-0.11987404457345838	-0.0005224056924988095	0.03570650480539134	0.025341112268192273	0.020377489908423946	-0.04576794255429006
-0.11795760957011503	-0.16003093747116842	0.011772311113005737	0.04321894904659729	-0.07036970308736465	-0.10608809973773202	-0.07567650533539402	0.057104956032676624	-0.12124622612870747	0.17096047141428775	0.04738167169420071	-0.06721352046133583	0.02540343682419069	0.02205841077027666	-0.00955521760938667	0.04944748277755685	0.05747252935558858	-0.030806842340161802	0.05570800002386922	-0.008996676318800995	-0.1184189974126148	0.06674846149454154	0.006993983984210295	0.028436845905855518	0.0076177848333098125	-0.12158240200204162	0.11712989859833303	-0.033223951962711495	-0.009512989434488037	-0.1510456501022366	0.0007197046253329398	-0.01658670857111221	0.08236193540653419	-0.08015066053887457	0.003252111492366941	-0.059428543000574	-0.05896556959752979	0.19589038419901486	0.040132821651404756	0.0037815522564260858	-0.008616673037629037	-0.09089080256532162	-0.030546240028881736	-0.03106794194157142	0.07931847120230211	-0.07325915144213185	0.1391322078356734	-0.14321058086363997	0.052690675048840556	0.09181355866247984	-0.004374286336943185	-0.05671863106314662	-0.04861441080114813
-0.11726640971405979	-0.13581841551749896	0.006209411919105845	0.06712356920800855	-0.06764552293500403	-0.07373137520548964	-0.011913119580916273	0.10130957392696993	-0.155840520987231	0.09465155563919599	0.08199379676766692	-0.0501423585211586	-0.13033295652802285	0.059088572183087905	-0.03287668790262513	0.0046139928229213464	-0.01576673180586452	-0.07198197666854755	-0.016534020420010564	0.04877838765952841	-0.16325151189988696	0.07135281636726654	-0.01937197867396885	0.031039174026987054	-0.003885714640147142	-0.13416143217568566	0.07270809435796909	-0.038884906118625134	0.03945539071598146	-0.06309049407740794	-0.05316842155549939	-0.04765472035364168	0.03942419670051165	-0.05890620263819222	-0.06508460714819253	-0.11852749941907258	-0.05993379736811158	0.12612628304107962	0.08550201677259608	-0.04357253095100969	0.0705155092084658	-0.23098831362816874	0.07275512118912374	0.07273295617551002	0.09292463123191039	0.08322631897565541	0.09914698377715137	-0.03858002455974244	-0.0486018464678951	0.040955825918514134	0.05894154251382317	-0.12203756090389317	0.007833151578780433
-0.11384744662089745	-0.10497548121230757	0.03001829403794909	0.06042720582922264	-0.052009609887758934	-0.06425837699673628	0.02254782923972443	0.1918250266110479	-0.15493152536620824	-0.041171036152735346	0.04621160830290523	-0.15325556895745127	-0.05320931324979023	0.07062027908289635	-0.005996904172254245	-0.05401881928857555	-0.07812317758294496	-0.10440504360441756	0.00423435696681948	0.06786354906114564	-0.025838048498311825	-0.03252386487857356	0.057704719097236803	0.05745555945407019	-0.07075430314714896	-0.1034769342004901	-0.04538102405236943	0.023891184550289463	-0.05301120112542283	0.018121137449590874	0.06676038352968808	0.03929713662132843	-0.03864730866784964	-0.02197578378278221	-0.11264938886500553	-0.01169187393572721	-0.03260165821527485	-0.0558030466468008	-0.015614112380768846	-0.06782159045751485	0.05858960564357089	-0.1698830020174506	0.012972951907546326	0.011875779757942767	0.16024361573626847	0.05162179070795915	-0.05399935919399625	0.007655850418928259	-0.031386469959075146	0.05016639116982399	0.0981497752496011	0.0099662784914019	0.014319809758152679
-0.1154978330403975	-0.09653053874979954	0.09242823824541813	0.05167678389439906	-0.018124048532597747	-0.09092121424848718	-0.02889412914645639	0.22835275124407542	-0.044000309348504116	0.02798803299017666	-0.04420324193641188	-0.11359697646316022	0.03568636978286831	0.07078339695046038	0.0052297192644202226	-0.082133821327267	-0.03581175191098809	-0.13880218432976804	-0.00921459452483292	0.010979278838480377	2.73497558654634e-06	-0.058928608089174966	0.14247399810514735	0.008681232814658692	-0.1312319227311028	0.021651036165566857	-0.017809357698591925	-0.03394303751423644	0.006422183326364021	-0.013145475543833225	0.045572859763002925	-0.05225707328125914	-0.008625399685415022	-0.10337411235762502	-0.08817254945286951	0.02803550928550174	0.082324646456743	0.021074601935945715	-0.07837026049657468	0.0734707964310928	-0.03908825796158177	-0.052233366089279414	-0.0014125266955889552	-0.021642482561436596	0.08716538358265492	0.002484276243698973	-0.06812559133577321	0.046974302333688836	-0.015098985739147124	-0.07517861489598505	-0.0004929664030996865	-0.07867518399738051	-0.059050539509590196
-0.11445745346032081	-0.12621735600740683	0.10737628553390595	0.016453969104097008	0.025313230857674895	-0.09999067858127308	-0.09522547697818108	0.10503289277790662	0.035609209431851224	0.005589550192904257	0.0023254488365697934	0.03471368022862023	-0.09519021302758518	0.10212430853682634	-0.07979999958001392	-0.08062826051976231	0.06413356584924579	-0.156477780500415	-0.059852973685137756	-0.05777090660378098	-0.02742729830055568	0.019711317683230492	0.09707440833652413	-0.05912249893113301	-0.08625729539362484	-0.00054977738335844	0.06465233742016169	0.04251028121530445	0.11240106904734548	-0.01662861831705522	-0.022573803073328014	-0.023430870566598275	0.05592547742952936	-0.0720084659889771	-0.034492275427281796	-0.03664636229527478	0.14297391920102873	0.008102528476141825	-0.12321104563775831	0.1501099061113093	-0.16715106462736448	-0.017325904507727946	0.0843724576490803	-0.07528531111551467	-0.11149324070204256	0.0670646436351337	-0.07608806358802153	0.09536385167547087	-0.024648043463448538	-0.07296581709373018	-0.14041719132397862	-0.06547338195431875	-0.09398774555518906
-0.11225113269937881	-0.1393978130280751	0.1214367719585322	0.018053632157305682	0.042579514443766286	-0.08936623136164007	-0.12944917595343997	-0.005438942229719856	-0.01833021896991105	-0.09534597986450483	0.04046768280569005	0.03041685341992227	-0.05501598896906579	0.16389902728687963	-0.14328338202341614	-0.054483087205586686	0.024047057982099957	-0.11843537494176509	-0.08773316693947063	-0.09363871869081097	0.04292671955924718	0.0784085643087083	0.014671074663779714	-0.07159296135543651	-0.0571716484024376	0.05274286059975557	0.07623491421224007	0.02591547696971704	0.10820920000371023	0.0008036629690773844	-0.029531482619822177	0.1854472626568325	-0.008676728824358146	0.07851618814900886	-0.11366946105513018	-0.017635025177585827	0.10724008964478118	-0.0445149806061756	-0.1225264340650454	0.059816706905477614	-0.023827144007470942	0.06262563423826802	-0.06822516163216229	-0.03688756814707295	-0.03213269432700233	0.03774935126162936	-0.11567109195694493	0.05069990895545376	0.11454638060868197	0.05111449392664578	-0.11423097742402763	0.133387087251063	0.014227947564924223
-0.1118028062517438	-0.140345293214314	0.139018799919573	0.03576262348601108	0.013290025529571425	-0.041733915871293825	-0.136104277070308	-0.0732803051050268	-0.05835185049638515	0.02376205963662814	-0.059239868136291146	0.019812781142190587	-0.04712574030303496	0.09311045083032386	-0.14280131126824488	-0.00577144558207239	-0.062406890241320095	-0.030463273862780305	-0.015358671375301683	-0.12898069143636476	0.10046892098321047	0.06012912628186137	-0.05017980281871076	-0.018111498735894016	-0.024917603800440044	0.028603473950733593	-0.06308649249569145	-0.13304578641943077	0.11798930447271706	0.0672730432157759	-0.03859999331277389	-0.044126865459817144	0.001000734636072309	-0.001504020269999455	-0.13976989938406442	0.04407248378586237	0.07476089192885024	-0.13207756783663221	-0.015482686926209556	0.025628839234077556	0.07203277824220225	0.1303808606060118	-0.12216571100099796	0.0873675716257561	-0.028882754680371676	0.017820620715326294	-0.08687092209252884	-0.04558789930747014	0.10562830513651249	0.06285081693873933	-0.024327118660350935	0.03798594782420414	0.08398016136916131
-0.09154618338508487	-0.09847918657172017	0.1428686862606404	-0.02749847456792965	-0.03803996268297055	0.059263018138029144	-0.03321083227288771	-0.060222759828820194	-0.09606563352397063	0.020345637389998616	-0.005267719310661723	0.03595589683626317	-0.1310514150897148	-0.03664059948385875	-0.09177946973271822	0.2517202903570583	-0.05136229341503035	0.026935805278124503	-0.029925509507867293	-0.005733214168874415	0.06139065741012062	0.009404876556967475	-0.05188302514524258	-0.07752505461489843	-0.0964149645576799	-0.058984526656173805	-0.07387164048530623	-0.20953126526360416	0.06393777857199293	0.10965206875073813	0.0887451640758328	-0.10916710673857882	0.108270121101435	-0.017259321270859416	-0.07945984704376843	0.16931730452666433	0.0660911147702928	-0.3334375634421899	0.2649497359487831	-0.0293966361597382	-0.045208483888556944	0.15534545831940086	0.11404731490978229	0.04491041909433413	-0.01403415299241964	-0.12986824068151673	0.01386454605179925	-0.11723177717119163	-0.1162239454466846	0.005203804206247492	-0.10066822215688924	-0.24567468862446085	-0.03260284985503909
-0.08247188808384447	-0.039318510251639446	0.1800263079401593	-0.0862668936100269	-0.048111826400072825	0.0950643077696463	0.061417576677095714	0.13558300383005267	0.043369337455538004	-0.007966536430432047	-0.04026100306839368	-0.09538850781517384	0.029857210628479458	-0.11108272240088105	-0.04428553341495335	0.24351150154268664	-0.059766870027030836	0.0598903457820719	-0.01884123562327103	0.21763495364429625	-0.005554470671006118	-0.007875935403725692	-0.013671138994628271	-0.031145102402172054	-0.11978161657963309	0.08554395419463798	0.006921940803251831	0.025527684575121782	0.061626284328031536	-0.013901748578388315	0.23466805610830382	-0.0931627034288714	0.08472256801611519	0.028022726782304715	0.15998782906019365	0.15724080190091091	0.0009662170394336075	-0.03479789223933581	0.12333979131502117	-0.08021711111774363	0.13924052937150985	0.0276289744456477	0.1969714833131944	-0.10529619315648495	0.11419068605014747	0.05557763402035086	0.05055237750839138	0.08928540140196552	0.040709592896881405	0.019392558000953988	-0.189278024857865	0.07336756961718995	-0.030204381992584746
-0.0799865101343054	-0.06168368656845087	0.17378164899554102	-0.061450126315952876	-0.04066037183058414	0.07852608013285126	-0.12608006901861635	0.039173630193608366	0.1748975894113844	-0.04093811258168126	-0.11538286011931817	0.029223559345181407	-0.0061505078715050066	-0.1295022285039813	-0.027757534817389434	0.01845883037819094	-0.09915724199314246	0.12173222234700126	0.09723352946397747	0.12317806123210087	0.020942232762552845	-0.04674901191527211	0.009943528335530874	-0.06821224612702614	-0.025624757120440517	-0.0007726632963311053	-0.027110429125587518	0.25548718033727885	0.01925934152517895	-0.16026141456596593	0.10451864449643712	-0.18873936650231266	0.050673083743331106	0.008348042818201288	0.07812276561254097	0.005109628694172743	0.07211297156044005	0.03702112152398374	-0.02499312677272908	0.07538474523705438	0.1881208054822054	-0.06432345111475404	-0.1145045227429137	0.08451493882791217	-0.05533181455176642	0.18978627143959395	0.09164624673454805	0.19037920201875158	0.085722817563866	-0.02759700462431682	-0.10743610780422631	0.09342770835943792	0.03816559457540166
-0.08380620115892715	-0.08622057349573346	0.11916192960589062	-0.05165401609916622	-0.11513001462943914	0.04235075960287512	-0.16199326864238262	-0.09153449772024275	0.013404228396115212	-0.10833564527651629	0.013984518828357054	0.18418025116534378	-0.012546436403450822	0.022433665839955638	0.03693600720805839	0.016905204614665624	-0.06336541744766172	0.0722145578972085	0.06703651203293043	-0.052828628127701734	0.002620583764819301	-0.08554822064848361	-0.08809814810689114	-0.0790405645188217	-0.0017130320662452486	-0.10173952961361098	0.09908149658348828	0.15625898823370094	-0.097526772143464	-0.0883244792208486	0.025976784600909353	-0.03164740373793231	-0.06850912413466367	-0.009010216759415692	-0.013519127682844898	0.007971578650713422	0.0058241122427972105	-0.016060598429544846	-0.03240205569511487	0.11343631312945264	0.02637470246161659	-0.06572530835479304	-0.08317735986739963	0.16378051197090607	-0.027150294241054963	0.07047448936976868	0.12475546577735111	0.1242303080263018	-0.018857513317923125	-0.022392039855760736	0.019734527629573208	0.00040081589117466065	0.0032005891797483596
-0.08503507968998986	-0.07268739784883942	0.09721333718929352	-0.06490533179240121	-0.09964547960638363	0.0013709124559697621	-0.02824512826994502	-0.057413569022698896	-0.1409129408561972	-0.050098407348365265	0.0225576246995417	0.116434393727077	0.11671912784026012	0.11266856149936637	0.03789727979204388	0.07142981381182084	0.0032005589990435346	0.07336855293710054	-0.10433880466629815	-0.034563863939366474	-0.03897525399043955	-0.008241821697888202	-0.1493464820903823	-0.10226157298161717	0.048444765961557106	-0.026850256758422116	0.24172664843074446	-0.00437438212767278	-0.10679151590735703	-0.027963423009319935	0.05881729460666399	0.0183883822672041	-0.10432153645070388	0.0422031358647831	-0.026333122578385222	0.051748391140797975	-0.07982933029805642	-0.02905444788224819	-0.035795760377676844	0.06449450744973605	-0.12068244454189064	-0.07663221417119474	0.09323230165349677	0.07367764167032209	0.06927037155407367	-0.04898778938002141	0.07044115120022434	0.04588682615793374	0.11887568863653308	0.0346584837652689	0.1377896520231185	0.010028690283173878	0.07366351625281767
-0.0860715123207088	-0.036124093687898234	0.1133860463049149	-0.04441794653897263	-0.09916455824712847	0.02457968748984026	0.03782626882320944	0.05910891630854725	-0.0785452853830001	0.06133881830454266	-0.09285756890421126	0.1033427574353699	0.041597312019455546	0.056311260305050966	0.013887716459966695	0.010550548851216757	-0.030348846230559723	0.1450773606120313	-0.14063300269170378	-0.013807212788025717	-0.0684331725313875	-0.03380504879562603	-0.13918722684622606	-0.09127532567773247	0.08256697387843959	-0.022893582275165344	0.048525708393700434	-0.03466598132926168	-0.00708127879220334	0.0890878674792815	0.02158288112076017	-0.06443286016637033	-0.07646416906414277	-0.07005172780110945	-0.0692551672361762	0.09568425494097811	-0.07800159232705718	-0.0002773059266873712	-0.08818935015834577	-0.043147417948972956	-0.039804881616034925	-0.06723146220320514	-0.01743657520744884	-0.013909469128413635	-0.061939471666097326	0.05347662167959899	0.03332503373912946	0.06067674980136531	-0.0192193067422425	-0.002120989448904858	0.1685031034120302	-0.006630350763265	0.11509069439631217
-0.08635627904392988	-0.0026763680908214694	0.0898830212351285	0.0021054319422863657	-0.08083860078383676	0.05116248795642507	0.01906936767765105	0.129869945355493	0.020655580778165927	-0.05900901672695208	-0.07526071680877239	0.1594486362242422	-0.0819332503571783	0.05058050055797289	-0.0026857674748335947	-0.015475571593950438	-0.014758608141936636	0.12424772979122202	-0.05264694793978142	0.0069002394202044015	-0.06613774624574606	-0.10868552649094905	-0.046131305223845745	-0.002623953432595222	0.02701581032707942	0.060581680994291134	-0.03750615991241624	0.03090590108829011	-0.05357573276849714	0.09512425986606383	-0.019502145725530773	0.053234621134685994	-0.10580240858237445	-0.05188072283630365	0.09452688716701818	0.07204066683916147	-0.1511449369198903	0.050467221377841515	-0.06334625173538093	-0.05181455939119773	0.09067636291585031	-0.018340701679202112	-0.04188950274991771	-0.07303557856882635	-0.11279720251206428	-0.007786892535072053	0.15234264536687142	0.07947251565655244	-0.13609340682828117	0.03603226573589227	0.023970983527111946	-0.12246143806387368	0.02714616576890031
-0.0882964318058675	-0.015519649806891665	0.031118389137249475	0.049877545638187415	-0.02878121927457305	0.013111098516572389	0.04647337000573415	0.10864374590803791	0.02885715915636433	-0.1872039357590939	-0.011591662752768794	0.19278868404781646	0.03305225674541021	0.06404782620397789	-0.04908390676320086	0.10009316110279683	0.02125274859096335	0.012970833357388592	-0.04086505175992519	0.010123425419509797	-0.08578387566202816	-0.1879666990373834	-0.03636698421303538	0.17960996144260075	0.00476199878292434	0.0804970525530421	-0.06881441801427979	0.05112339314268443	-0.02164051012888115	-0.03225889387105518	0.03732796649444184	0.09005327748914578	-0.14223131805668673	0.07905228357530561	0.03515005318359868	0.05063978347141107	-0.11324574017545452	-0.006524803687235063	0.055016418327396406	0.0662098373120534	-0.03690321212604807	0.0774411987354005	-0.0960290923693039	-0.13284496779338897	-0.05089800386249023	-0.12039358960440204	0.07539002467468817	-0.04094300135820283	0.049942275720423646	0.09855651684569322	-0.0012866258242685696	-0.1179001224910553	0.0918831562424217
-0.0884859336213318	-0.04304916633349376	-0.007595078800590001	0.04569685071151488	0.04403590371356731	-0.03287138048348585	0.07726383079505669	0.09332934602120341	0.05186275362284175	0.051828664092773064	-0.04924914324167945	0.24732753881148917	0.09481171806460448	-0.03781535744238945	-0.021556889243572352	0.15186401769220964	0.05198352734305972	-0.014553433087899522	-0.020030835738456265	-0.019939979382699508	-0.0942262988899559	-0.17658721206684128	-0.040888691796064275	0.12553843080581134	0.12073571760894826	0.10082438774363861	-0.0796622470913973	-0.06015190159411829	-0.007503129130204303	-0.06127208727398653	0.0760401237569192	-0.034019130448217555	0.015053507824690858	-0.05306623909865672	-0.019839320166485583	-0.04503759086424029	0.1461056110267746	0.027688121889237707	-0.0031133559224715973	0.05662215291706484	-0.09435150061042319	-0.00110270935062258	-0.10670139635414241	-0.0736792660469163	0.025820812560793466	-0.1346343271102663	-0.0932283750957902	-0.050247603937973964	0.09561826445504176	0.08196251176973611	0.044189910974496545	-0.019089819078445418	0.1051980460495222
-0.08513609701051435	-0.06691688445360654	-0.017214476356534128	0.01905347055720832	0.11050938545566469	-0.006837533328708619	0.07064028600331237	0.05300944297375664	-0.029161977830428946	0.0036512618962883103	0.014558882812660878	0.22549258707424663	-0.02135586303023501	-0.08850382709588367	0.08219649521164521	0.04629257956943006	-0.009087732867529535	0.010922209024605486	-0.03488547885402099	-0.0637346315130109	-0.024886775200375133	-0.11124189378588989	0.015663440208219227	0.01916163053683106	0.09468529019325095	0.14578039613498445	-0.019700142172565015	-0.059931181529768306	0.004697439536205897	-0.03386352873504611	0.030785557695478194	-0.02380711802856832	0.0630464954847045	-0.07662870552727287	0.05644598953280587	-0.14390706408966927	0.17869967817999766	0.035342459052987996	0.011481982835250565	-0.08006094981933043	-0.10127076309410114	-0.09515499227184335	0.029314271957611205	0.046495312045161497	0.07744341488291503	-0.007506728340021061	-0.13355809730854096	0.028003580882560993	-0.09265650193311198	0.062385564711432515	0.02430456710148181	-0.027891244979017196	0.012861566166837198
-0.0823433515695195	-0.053024702522428864	-0.023851052480164246	0.047843793990196046	0.13532946960251913	0.0010541000739483866	0.09383351279383573	0.01658811909290158	-0.1305641343267602	-0.15391588714002183	-0.019768157121581975	0.14491788142986894	0.0558825379301289	0.023123196444144928	0.08573914089863116	0.03482209135503958	-0.06225591631412952	0.01925011909360515	-0.02036339721822497	-0.06219259343352874	0.020679618497256438	-0.0953199011855081	0.07437283205490325	0.00996963232571546	0.006516717462501945	0.08150685372578118	-0.044913786824024575	0.01056579896011934	-0.017725510481594493	0.01670792091424994	0.033926302959912946	-0.01344861308793581	0.007426389707136807	-0.007488110851228438	0.08878759513946824	-0.1406923461884731	-0.047541867680087724	-0.06333208496883368	0.007017418921363559	-0.11570623058026813	-0.12687308577208278	-0.011737463770781997	0.11187976047641005	0.004369574742593224	0.14349323229549488	0.11123984111869918	-0.11788259365230694	-0.012257505490392326	-0.14684917526808647	0.13480111826313196	-0.015395292263923322	0.060772181987034185	-0.07827411109327274
-0.08240525739116061	-0.03984781645295085	-0.02830861113633924	0.0734440734676215	0.1382105372571632	0.014954377483447407	0.10705044221404579	0.03733766370998033	-0.056045508380241034	0.02502763591473725	-0.18921923724407427	0.14478836279221707	0.0592677164122867	-0.04318359278117598	0.05095138925614731	0.030454816066689126	-0.0003748167492551857	0.013517357958087964	0.05861554493253112	0.0062506493400789065	-0.06087185528972336	0.005891963694319831	0.059507017687646116	-0.07697787772688991	0.04405552481012001	0.022708349068023118	-0.051959623663005536	0.036349949037981465	-0.07170197763998745	0.06641404653856263	0.0066726624852798955	-0.08188704786958818	0.08410667546927598	-0.02500624083997105	0.014736986312637368	-0.04584670837901849	-0.10093308059235816	-0.00031960176668630047	-2.9444273845338764e-05	0.045596639170903994	0.0209910175462552	0.06968139517514856	0.07137640323197242	-0.03378607783439389	0.08926541539698371	0.08543809294259158	-0.15586053021565224	-0.010223565420631964	-0.03094119929291658	0.13749744457574192	0.03950109610090883	0.07969527569668415	-0.1598095269577029
-0.08305575125612426	-0.0649266327576669	-0.023115041754265365	0.03724937993394648	0.12127528079676846	0.06513767355616705	0.10615536723000725	0.00792986553523397	-0.00720807287817243	-0.09420659327161379	-0.1488337948853015	0.10595989836712519	-0.08119676830483877	-0.09904305031956828	0.07382274340763449	-0.03787182920414685	0.03699438258836821	-0.03721176208993612	-0.020146190594192204	0.013613440704720689	-0.06916510345239313	0.05389949256659987	-0.0184686080376298	-0.14812524603479718	0.02541282749912452	0.029938417489161956	-0.005484432273668335	0.13485159774418085	-0.014221185303466723	-0.004879016959838708	-0.05276675398945975	0.06338087729158767	0.010272709829358642	0.06817831266117376	-0.03140302824195884	-0.012689514228056989	0.04962835317133369	-0.0022760056575638066	0.01836077382636439	0.08782218745946654	0.22672063773789267	0.0913096823980311	0.0628098015523859	-0.03683288236746372	-0.020600635291564116	-0.028822095673051735	-0.1127987926576156	0.023983581934248925	0.004455989147500705	0.024215602987928103	0.046385990392008386	-0.16502723195527225	-0.12908140031419071
-0.08102558730566127	-0.08685893118372003	-0.0129179000709837	-0.007302553761925105	0.10688276398121187	0.05369133477690159	0.08543433543322712	-0.04006721728097496	0.017854713404605548	-0.1433968312165452	-0.18601272681431708	-0.04785874293495792	0.04335536454541564	0.04808715211943748	0.05292288816122104	-0.03530757548207311	0.00122660331971651	-0.10187822667286764	-0.1479999234111311	-0.04222001691096752	0.020824403872321262	-0.015989462246206024	-0.08179435177184624	-0.04302814159553811	-0.017664880221319484	0.029750750697375268	0.10296552467523233	0.1578657030236093	0.08288286644102807	-0.047765297521533565	-0.06739224827107532	0.07102134290683922	-0.08449585696523566	0.10058565170641111	0.08692748109269899	-0.05667154567050678	0.014874177234354288	0.009606256439761436	-0.05056897559977981	0.024622792537254384	0.20638551973205854	0.13122348665014544	0.07047704669620927	0.02233370623701711	0.05224880699467348	-0.07013560918157358	0.04387192741350124	-0.0748973401496679	-0.0680702564454962	-0.029747617358242658	-0.05581293418221897	-0.06384408682070492	0.017762035627747454
-0.08259612431482576	-0.08600725306086775	-0.0271337437050558	0.017455210631393155	0.08114689945342535	0.03999232823514856	0.0036672387997882163	-0.09463989380392039	0.013250921817870355	0.07028070235381614	-0.21390544936499822	0.013519229372301204	-0.061042128057151916	0.009264099809015436	0.12193300202590152	-0.03911099656566014	-0.05190079226510022	-0.054710554080900156	-0.1124986311591428	-0.060535222162074874	0.12765513654655491	-0.051532325341851176	-0.04412241354034421	0.04976286910650367	0.046656205962815	0.019119726281004806	0.06303574510410762	0.003557593275423234	0.0761963279899818	0.05795429975355029	-0.08340839468598912	-0.14970357911732615	0.010224590394480149	-0.014703127557516092	0.08921985749566133	-0.05262273501599084	-0.1290737795943745	0.06410813844981583	-0.11105279990325495	-0.020287690245999298	0.09809064721573976	0.0944610942517616	-0.11452102057044317	0.13592924570363119	0.16486926445417738	0.046355100332238344	0.012160019870282757	-0.1851055833120705	-0.07743610128831915	0.009427420529798669	-0.05668913795160723	0.12022269328595044	0.12560550036169793
-0.08222033037840976	-0.08778305504628582	-0.04870794731490384	0.04471395707614432	0.04757580956467433	0.05691761533482672	-0.047295327655854064	-0.11484487899133292	-0.08618035959361268	-0.039847639456415535	-0.07747508018376945	0.07264637301265749	-0.08293213587011367	-0.0942749401970605	0.15470227032134654	-0.04151447488158452	-0.0542650185483628	-0.0047507894333762846	0.024860502141901164	-0.07142022967143441	0.1482054755448484	-0.09852476800096671	0.08803402572908298	0.027508722979814937	0.03257640712737833	-0.036961967888037586	-0.022206744813166347	-0.09442268317204372	-0.08436251971899209	0.12473011312645971	-0.015804432465934895	-0.07938146047068041	0.043612311298573896	0.09593456552432149	0.03104226901605235	0.08539266846229589	-0.11502490578593072	0.01988461932063948	-0.07343291916617645	-0.06030975646644328	-0.01158852441509274	-0.05720851980358352	-0.06807203294645799	0.0793520986763833	0.05021640549915689	0.14946154788276167	-0.012012502329493108	-0.10797219175138864	-0.01901559037545672	-0.06947085003349983	0.045590269373106555	0.05946018671851637	-0.010441564300921751
-0.07659150979317096	-0.10581950503797266	-0.053312678945624324	-0.02440662147366955	0.03719622273299189	0.06442171439038422	-0.007636893073728162	-0.12342003331002255	-0.07375487497918881	-0.11474311378496505	-0.04617133468164997	-0.015333857876833935	0.08690975132040062	-0.06887428347262786	0.05191119087442522	0.04469573759247544	0.026120867439960213	-0.04463948011506244	0.02739973665404663	-0.11983962857417654	0.09063385025870455	-0.11057043706767039	0.05344783809927103	-0.012189915560815112	-0.030906385934366398	-0.12045306325724586	-0.045639369613312636	-0.08750240178285182	-0.1365467052433038	0.018997665812365568	-0.009532310242399866	0.10970188594558627	-0.07678454574712053	0.1721236564669976	0.029526518022708614	0.1606503275546962	0.01870204984801939	-0.05079503290352011	-0.0992733829094096	-0.06893224290106184	-0.06851092902727317	-0.01121441533418871	0.07503590325440392	-0.07863448601188266	-0.07876599716932427	0.02487074710261024	0.1233944471098459	0.02926023902047023	0.1246945772158596	-0.17663848390513578	0.07385283558564815	0.0416968693129127	-0.09814476545479359
-0.07525675425244668	-0.10190454117441675	-0.060939275073221326	-0.08959739736981008	-0.014959436923961731	0.07821119736504137	0.07503413111531837	-0.05645917484208608	0.02769802671859498	0.1388719565883124	-0.09128263480882003	-0.03299157075004791	0.07479168742294642	-0.0516786122735051	0.056674908145695174	0.10159227980651986	0.051242626095369205	-0.03866517354364707	0.0025847006140345893	-0.08807233934408898	-0.09090467453832818	0.007987024286547073	-0.029842137940423435	-0.08782031957208197	-0.002304477352747941	-0.10992039796343067	0.12955397854990958	-0.134174472397589	0.006194707135395753	-0.05419730164899509	-0.10414361844732399	0.017105289648620667	-0.0701495201034752	0.01861766697120295	0.01570150779357707	-0.005872029013450089	0.11198547876504047	0.0415599985753744	-0.14816813456930117	-0.07529356369620335	0.027212548662247128	0.1228302312523423	0.039609748384152765	-0.07551881510508615	-0.04967309400073083	-0.07325727686033949	0.16525127977215767	0.0895138795269583	0.09808083276335372	-0.13361535881950193	0.019781475750183214	0.08207294866459719	-0.013192406753717882
-0.07945453103793228	-0.08905814333049375	-0.06745854337267436	-0.07801596406478319	-0.025270036831335142	0.09548462783041752	0.17004030017046198	0.0287365000272732	0.05821914140539264	0.04776248184223636	-0.0037524976110811363	0.020870957236608548	-0.06609444919828773	-0.06442954990328358	0.146004716189695	0.029590285615902046	-0.005299036982737704	-0.05637491736079697	-0.01847116219021544	0.05956474589450086	-0.02057563350760236	0.0745645087804302	-0.041721597770951746	-0.007358399453821413	0.043628093358239445	-0.057441368374746615	0.14225110425960422	-0.06135422085752837	0.14420977223903125	-0.0011488602377183327	-0.04425721515691439	-0.027585499954338573	-0.027130923202321803	-0.006584992770445899	-0.12980294351281035	-0.03903152001133127	0.05078126847642235	0.030528977858727026	-0.04974272359774326	-0.13253539979477752	0.07234724186565157	0.0693823804033518	-0.03060585208070737	0.004039566445070466	-0.11660661956633636	0.028565147056212582	0.09785109749901644	0.06722927318399867	-0.0861120549169989	-0.04331508955711068	-0.010326983447739177	-0.01121174001452288	0.05459662152660235
-0.07620690768688765	-0.09601501152422003	-0.05984717920785652	-0.09353610795573408	0.0018989660816609863	0.05936933700739552	0.1882070195156796	-0.03280250876859976	0.0011331910910688146	-0.11096410373822904	0.08015288406083527	0.01321933313435329	0.02249290033709886	-0.04611181324801554	0.11512761053252005	-0.040609591165399306	0.013683952802541616	0.02055988219519561	0.014269886817287525	0.008306264726847645	0.1980634083754449	0.005431861883310796	0.021767086934691576	0.15782602373828153	0.039088651516591605	-0.10195100975317625	0.07366733741331065	0.11673863730242193	0.0422134844917604	-0.04576459678905903	-0.07339891736910618	0.0407474763031935	0.00045611759335238006	0.0881260128779235	-0.18975684837903514	-0.03239895892746614	0.0031098231687090305	-0.10111524122306428	0.06609817906990796	-0.03872155894825342	-0.0019022414653161665	-0.1235397962527451	-0.04431695457734406	-0.06425399473421517	-0.09927128983625533	-0.07540587630100301	0.011163372229647223	0.008149126757279378	-0.027877207571025152	-0.03974736087817652	-0.07133547867800896	-0.0338463958443883	-0.09155816285422276
-0.0753962745627036	-0.09867638231188523	-0.03685013471971845	-0.11353824267511306	0.032944312111924216	0.004306212643254189	0.17827626098384838	-0.049008296436956526	0.0047077897992491465	0.08387390682165144	-0.029955977678133124	-0.005507894620637187	0.14838473853489106	-0.045279402293983737	0.018173278511147153	0.001866238478563098	0.02010357364806703	0.09536430773885912	0.02914505950609203	-0.09233221036075706	0.15607443572198826	0.06209821977076483	0.013018011397560439	0.1428398877659193	-0.0018441110432576013	-0.10576268902733801	0.05081709441517521	-0.02176010649857293	-0.03417618299519687	0.005070052183016822	-0.06147418991904474	0.05347397144098659	0.07143485382675438	-0.03952340668062426	-0.07884178547588484	-0.015922056913367677	0.03600326257160647	-0.017794586446348626	-0.034108791273875616	0.05293393073978389	0.10831190941269597	-0.18433314259165692	-0.050724256878436236	-0.044638513723666604	-0.014983016148274478	-0.14889760964997087	-0.010619569791472633	0.02220647410737065	-0.0855102833521442	-0.017444592119356006	-0.06932348985460379	0.08171270824962794	-0.14362351629262976
-0.07524016100672129	-0.07722502244031097	-0.049407413244678254	-0.08812715554632271	0.04742160797564396	0.00490146430400604	0.20595005195793326	-0.007899205125382534	0.06817196390796808	0.07228571332465195	0.01811327529557469	-0.003911050517139594	-0.03651006644020834	-0.11862580359865027	0.06987868320571484	-0.03734393961908186	-0.015494469865666091	0.0903311066189027	0.06944798372539324	-0.050056178132193076	0.02673053268319006	0.14000744275413343	0.004065929605879641	0.007025449742667028	-0.06320131595981078	-0.03735628028274432	0.022523709326452396	-0.13812345254015895	0.029073082755947825	-0.025861604929932017	-0.009377021530598356	0.0897154454228291	-0.001304652696167155	-0.05782917976765175	0.026152667867128054	-0.012049312531661336	0.043055914479306845	0.05800042954244451	-0.05394750547332229	0.019894320341532178	0.10836428733641418	-0.11353858368791903	-0.01709585845683676	0.031385411615624165	-0.029564346111602854	-0.01809526768822702	-0.07837538924713044	0.04520388654910951	-0.018273778878900963	0.04403028553935028	-0.023065527199969557	-0.006648617979496618	-0.0254723661805227
-0.06955399912659516	-0.06200291372019335	-0.052665777313274514	-0.06140726790111341	0.08308738101767446	0.04983317409589361	0.23439787551604419	0.006464102930678973	0.06078860186326832	-0.14478288124129818	0.053323791156546084	-0.05269799510219186	0.007371026773844303	-0.06641964901901289	0.059894974059606816	-0.0557391674310386	-0.05455643540658424	-0.016765446672958446	0.11185684444965042	-0.009448889568987056	0.014547701633524146	0.0776689986328962	-0.018530002092949055	-0.03222762455972662	-0.06680558451920547	0.00099946220450574	-0.02557567856389	-0.06942328635875883	0.09604395802887139	-0.1010873911622542	0.005681446016442486	0.033441511279687745	-0.117871647422364	-0.014379363011629353	0.07341465546402015	-0.06649627180019367	-0.023540046135334433	-0.012864942037266902	0.06967870536885587	-0.03194789078553824	-0.13942163820673975	-0.05845218148814919	0.016591485250728958	0.08050630922933094	-0.033958316368026625	0.06129984867993371	-0.07978151017031711	0.009059835834838326	0.07620024458555709	-0.06800819109818076	0.008140932713615458	-0.07843919062180583	0.06053287751807246
-0.06792223966896746	-0.03967172896722519	-0.03641371938771659	-0.016093541854258212	0.14251875532244698	0.0572390464395897	0.1584645881193533	-0.0070656260914208294	0.08792072917181523	0.02409675056577116	-0.07972150783439516	-0.020300457453114377	0.13191700593728087	0.03527566775077653	0.007756127274890159	-0.07974183223366013	-0.04529353358513395	-0.0535106492138347	0.11515112914207143	-0.01471448124403359	0.006262250065033786	0.06356302350216884	0.06540809323188577	-0.10523012949251356	-0.0989429501154872	-0.04140087896950193	0.01344516737318335	0.018502681205777513	0.053609684222893715	-0.0017909283058134516	-0.05938836959305966	-0.045021182822334756	0.028176327586636164	-0.11590410431806214	0.14800071562903602	-0.05228298436910232	-0.1462041160916203	-0.06020962314773106	0.17367920961905503	0.08046713970635369	-0.2561227719898442	-0.005258219151292473	-0.018640964423784774	-0.01710595569088441	-0.0409809944778859	0.02092524512283224	0.049345150079928846	0.0006226025709198252	0.12482114709741361	-0.04981902326356296	0.06036026199080378	-0.043679992709868304	0.04633114183572417
-0.06689958248625695	-0.035076424793165493	-0.01481285750896351	0.021791750608585934	0.17429122066502012	0.07033141651988126	0.06327405023665528	-0.06486549874155136	0.027394704711899066	0.033974089530140875	-0.022512989494025148	-0.031249055526963967	-0.03310774837943679	-0.024893830287759242	0.03305996698967551	-0.11323639499005511	-0.024314114039956647	0.01759331674338012	-0.008275179203901258	0.054956437358615655	-0.024214438176820924	0.07482880171979539	0.07643106767748235	-0.14798613993379267	-0.1812150999055854	0.009216380928267183	0.014164010308542342	0.08037757897912735	0.049107398761437236	0.059541433765999595	0.00860793832976517	0.04852722379201934	0.08576637649526543	-0.11461062152250202	0.010825469505224117	-0.02870831459956272	-0.09927975150550886	-0.04332347729192672	0.16687224636844394	0.21913150865029934	-0.08691026055330721	-0.0016453789201160834	-0.08539542090919149	-0.06476445706145807	-0.06456271212201858	-0.0818831396895266	0.06403798657289318	-0.010348923649993222	0.21656561996924278	0.02834462171081218	0.049674455411865714	0.03962425184048052	0.07691813126114912
-0.06379741779247089	-0.04125786014333679	0.0126193656131254	0.008349874729788298	0.0759106488370262	0.085792358266662	-0.00042490899859336234	-0.11106408140706443	0.013157247599238	-0.09317075352225987	0.028099075602129167	-0.13254653556638762	-0.015040525178260787	-0.1074029550142558	-0.05186254585501841	0.00257708221386577	0.01763157826649303	0.07716796785900697	-0.1260481312397009	0.02857855567290391	-0.011066758589581867	-0.03850731674729542	-0.008523229687283009	-0.011255797963068456	-0.11029925868025892	0.07333505259213804	-0.12903734345200313	0.059467369619885364	0.013636485262904067	0.01797869730699543	0.11482818859616732	0.030978427592349818	-0.01312124285530022	-0.13465216784284864	-0.15998668202549318	-0.038881248580155806	-0.09813788112078818	0.10129825920577623	0.055645688966226854	0.14678923442747607	-0.03695504686177709	-0.04810181772308709	-0.031519889229079515	-0.0009605829687432156	-0.02173941318097969	-0.04889064361551692	-0.026495708929946807	0.006833269696811476	0.13589106985802915	-0.16488946180745226	0.07889481609065341	0.14464459852795994	0.058521640131013034
-0.06477313196294314	-0.03156927753192031	0.012130276284503033	-0.010655554968045744	-0.06696339011077106	0.030055795898591194	-0.029228845933913377	-0.16686234943253128	0.14297262955647455	0.06385573481737368	-0.038722169430702634	-0.03867658536151494	0.021612401580936764	-0.026057817666274113	-0.01682969026835094	0.11646092515794301	0.06731121318875216	0.014928596080158143	-0.021787047314694226	-0.08547027942843435	-0.06216571135772041	-0.006886990242744098	0.0919133352586928	0.0128951140316267	-0.10119597529077969	-0.05806483187493449	-0.18631243457304586	0.05129526979070037	-0.13931075468417617	-0.026064144427414938	0.016423372239564207	-0.04902820072717547	0.06804336442443686	-0.16994809866832097	-0.07460097468475403	0.02687270928072831	-0.13531515463824662	0.1874953347704473	-0.03690051208024178	0.046121286455508115	-0.08246311681556778	0.08064567363926461	0.09992472262867269	0.02463934434905831	0.004625021560217955	-0.01666838753985456	-0.09150097321483414	0.09786995494282774	-0.1294907713425604	-0.1648367012968955	0.01987681008227135	0.045035654901251644	0.00950162118683055
-0.06543527429729447	-0.01981028943694563	0.00998993565713818	-0.002402969434086419	-0.06323127630618476	-0.022245944157246907	0.012884546807340053	-0.24230276634214776	0.08713652120320975	0.032287617405977756	0.05269583088397129	0.019200339964529085	-0.09082496926199889	0.09129430334100766	0.0801986872615936	0.12357646912748486	0.06204965681109195	-0.008623406574873184	0.04112015499668825	-0.04737360440075135	-0.044136670385564805	0.1316669735467498	0.11384744997233293	-0.029607304808395147	-0.140745709706799	-0.028872524308500708	-0.15023276637163932	0.10419724005412634	-0.058890487891988	-0.03788001107259396	0.01140921487866577	0.04055296241091558	0.06475964728323133	0.004313216505427587	0.05199032473073495	0.040176083772299476	0.012415783409325393	0.14404809250014228	-0.043662152921457184	-0.032090704297006674	-0.015476036495004036	0.14728210961688765	0.10854943219411622	0.03674343801144216	0.106130424381863	-0.13050774473233323	-0.13988748823404168	0.06694657013602429	-0.13741262023608178	0.0643344854833853	0.04393029544356774	0.02749069512498515	0.062348050248032374
-0.06015657852278905	0.00689682133171605	0.044959784368828255	-0.01877130908595695	-0.06628127866071541	-0.004163498978512184	0.07920915740852877	-0.1817403219396272	-0.04289768533446326	-0.053766957101545075	0.053487956951831665	-0.1274083119809374	0.0319939560152385	0.08977671542173418	0.05535476938435001	0.12756521490733239	0.00617687534921783	0.073640717038496	0.02508207422414039	0.03560413297028783	-0.04482070974469913	0.1419957049685941	0.02763296661501275	-0.08526167689577543	-0.1102933017228534	0.022047332530805794	-0.08766857625533508	0.10031582720646945	0.08679291353740423	0.051731542947880474	0.11160291206889125	0.05911341378887133	-0.03565486764525867	0.1651888693971329	0.027769752882902572	0.016391044670484637	0.08644556338144571	0.12026107137499176	0.006510268151449422	-0.112915956391288	-0.025174639894819134	0.001978248964893986	-0.051542094578358205	0.04693870028984448	0.1054411170234672	-0.13377618160520482	-0.11330649952620632	-0.053797841107709965	0.08065027184452228	0.12442588788960068	0.08988228450605061	0.11737552809523812	0.07723616584689137
-0.061991708544454856	0.055873273798739846	0.07922069571868036	0.005350821389263798	-0.13418584512216547	0.014561754078795019	0.08268384524253668	-0.022844097449638473	0.04103775291603967	0.08978739082478464	-0.050087059432521744	-0.08733374580379356	0.04428436706888711	0.01170047885533513	0.0038204212337426143	0.014123729666647291	-0.04914192568262789	0.09971203057748697	0.012511918896116705	0.06832384312613196	-0.07478501395633777	0.11502190610799237	-0.03931145252560634	-0.09380177321697794	0.0027303732556835797	-0.03701093011497435	-0.11212842127233771	0.061421669116855426	0.16818889773185472	0.16815928640262723	0.04393646599174496	-0.048009184896446996	-0.05700927138199474	0.03833017190131681	-0.03622429191299177	0.04318187790967709	-0.017933330820671008	0.1686294050646802	0.003660751635634023	-0.1443870350895169	-0.08020356378317546	-0.10965959120698901	-0.15819410835765352	0.08269132917930166	-0.03063582051975848	0.006140974030692192	-0.034164911038784815	-0.08307123381765702	-0.008953022144842542	-0.05088940687566605	0.049119955305109514	0.02772943266845238	0.003706672558452598
-0.0678536156044015	0.0806178560387109	0.07184448590685642	0.04395506230302132	-0.1538096813817974	-0.0122562183955858	0.09667273743399947	-0.016212709666517375	0.0897719893654627	-0.014950911207152778	0.04348237782975005	0.04806378647283629	-0.10729039823450774	0.05449863025256773	-0.011910380269598795	-0.050390956714646384	0.008680515393348633	0.04256781336723847	0.04977209090886038	0.04042628482342668	-0.010356031519761527	0.02395323234228894	-0.08992463149211768	-0.01885863184607528	0.023049331175320133	-0.09460597726852196	-0.16340344099901732	0.16894482987760204	0.07979283481168789	0.13879536093637207	-0.09087097826942823	0.007777763593816725	0.023304899005784724	-0.04644923191487683	-0.0384852948654932	0.06155016149960808	-0.0319900654477253	0.07809034862309383	-0.03995655190632988	-0.09015076917556474	-0.11379018046088166	-0.07602726513070059	-0.018823173262110703	-0.011797775442093317	-0.05013359401211222	0.04857119799919935	0.007907610442327365	-0.12081739047472657	-0.07406795184233982	-0.12838714849215846	-0.02602699920454687	-0.1922278206776582	-0.020456285242032135
-0.06786440221225913	0.058706175767513226	0.054530241977240275	0.015962633016070718	-0.12865004863170088	-0.0574527567727621	0.13207558548148204	-0.054454435885930144	0.0711524958271505	-0.1044867302141273	0.07295879615609979	0.008347127281847328	-0.019403372265683293	0.17143620086453365	-0.09589059010804404	0.06250183775960133	0.009876248198701799	0.02901395094756468	0.07846335122123262	0.02041836213058772	0.09063658768922028	-0.007133192801024788	-0.08785337128999027	0.0025231216720037544	0.1094800822227826	-0.053568800009541256	-0.1792535946795637	0.2006239174972614	-0.0021311275527431117	0.04082805211447743	-0.11966325218271519	0.13418804260157016	0.07558955165691242	0.022842745370636137	0.03671047137586694	-0.03430068921516675	0.00204153844256198	-0.029693557083545714	-0.002564927641675298	-0.039213531980706776	-0.057052781332712584	-0.05333727870178985	0.07998717908641145	-0.15315735638426625	0.06827931611364821	-0.008050386165154917	-0.020385834085676416	-0.15458821791579813	0.060991657439709364	-0.06520248712984987	-0.06869878769267851	-0.08442576012479716	0.06481540412416648
-0.06923244746784817	0.029650559556880583	0.05966616571367513	-0.026389208102964072	-0.08202164886469461	-0.1130689904896276	0.11316274029433396	-0.028108190686190592	0.13813541784296002	0.07504412222150282	-0.042459046549308266	0.020032706266375593	-0.05016439184891372	0.16142254159407593	-0.08182035207286975	0.07991708752780934	-0.06011797842323055	0.11699003594869437	0.08725117757305031	0.048435660084935876	0.09881511906208089	0.00665720958983906	-0.012072215009761553	0.004420658293440304	0.171630712583186	0.003528373187716115	-0.13802759981431767	-0.055471231978495156	0.009919442510719547	-0.013746244234809423	-0.02558180293131653	0.07610323652786714	0.10995455649975606	0.022626388463654157	0.050866407655327996	-0.16757060832839085	0.02036092727795527	-0.058141092299432914	-0.021556971166429045	0.01304603985700643	0.12482764065953905	-0.08631925397934553	-0.028115943883391545	-0.1434332730073348	0.1177871312664224	-0.006342060735809256	0.0692302114895818	0.016750339000102733	0.062159515329748186	-0.039984034972052246	0.05048664800587829	0.058915705855750324	-0.05547560284342243
-0.06755837180199797	0.021193221300803155	0.05388876459928089	-0.009354547302841092	-0.02396887147341714	-0.06944502213310405	0.027165761412868028	-0.03515344851065716	0.17693436777673655	-0.06527267146161132	0.015522521069292508	-0.012687000964377535	-0.12617784124139417	0.14688543573132642	-0.0076220895548842925	-0.09314802661584647	0.004380095134930864	0.05929062770690604	-0.04848743785243628	0.1560607010377214	0.029333223988955423	0.07945731191231367	0.07726495924866819	-0.014781732278527353	0.10481450515930896	0.11912541099042456	0.008868870413104829	-0.131805273533368	0.03895745667584801	-0.01780652488589076	0.0812602673628659	0.037697914777401795	0.06978257467402066	-0.006926067951030273	0.04224775156755643	-0.15901192320475496	-0.021273169896941772	-0.09085234873300414	0.0043389965219369706	-0.0018767333608613601	-0.005954167936985671	0.006696235687824006	-0.08101299582243088	0.05210896375109984	0.10066788670411242	-0.012038908688843965	0.14368408210735606	0.11590594172176706	-0.11921367019594303	-0.04556034779345622	0.14019860289333397	0.027324883974471213	-0.25357256030167524
-0.06144800522347401	0.021661423255193917	0.08468209384946697	0.023991202690957964	0.017348324825776664	0.01216085136849206	-0.09580736376036836	-0.12677704650339797	0.12487948562313926	-0.12077468114258978	0.021874177943264305	-0.06062847847210106	0.09070480309123763	0.1427166726513384	-0.04359088336211687	-0.17396979080779743	0.07144696211004745	-0.039991610867007255	-0.14269313693302882	0.1707908082694523	0.06341244543741821	0.03437712786268793	0.05942131969356909	0.03353340723554849	0.01833414902709426	0.18080520416274382	0.09492439885492826	-0.03310853837854548	0.010247921098617805	0.08534035893579987	0.010664548412924465	0.0013744864503485582	0.03722573128146431	0.018448378598553403	0.060438570218628335	-0.0653026603055368	-0.1629951945708191	-0.08253388283565605	0.06516319292601497	-0.035476716094609825	-0.03063520845278704	0.06227149343888232	0.006940424820152127	0.02841514595087518	0.11696780290559139	-0.1061572745204784	0.11677285079809555	-0.03871328746341012	-0.0832887381644436	0.0036063480750285065	0.02614520463691482	-0.0011249791741038094	-0.11141577050394126
-0.05966464195602359	0.015013349311466527	0.10484989993996961	0.013582365140334686	0.025295172484854685	0.033554594617954084	-0.14422304115307966	-0.21519111364665755	0.11216462819223273	0.1337996543463661	-0.025081451577679725	-0.0038315773344557934	0.07912514727711882	0.04072248641191276	-0.022575766537737532	-0.16992070137957407	0.04248678426804567	0.045161576606260495	-0.07594449482257606	0.07931738200596773	0.07954792638183336	-0.08733417025003413	0.044371336821968116	0.13418889771678905	-0.08800221814983948	0.061443348902815026	0.052261636501377204	-0.12289393980360712	0.019612144229220294	0.1621874094662606	-0.07638781743449283	-0.14376835816028286	-0.015130388392693185	0.023206335360241102	0.10132118915904152	0.008786308977053452	-0.01699821040570909	0.03742199450604483	0.03432288036767762	0.03151424397839152	0.07634161549858057	-0.05318569609922031	0.012902154552044319	-0.08162859564955655	0.022543953513209064	-0.0410679169441233	-0.04236376197741936	-0.0778744903804548	0.013064298797087835	0.01786639918587827	0.034221563691325625	-0.045290380708520046	0.0764449709326463
-0.06053067836986682	-0.006412447473600915	0.03809243330516793	-0.025542425540440127	-0.03356879732718212	0.045539493483508615	-0.10606951390623896	-0.1798467663197285	0.044488612348697804	0.042787365141580276	0.07367086181557321	0.027744983536332004	-0.04875157619321001	0.0479104456531707	0.03567533081272374	-0.099732527857707	0.09109288415425305	0.1752751839468577	-0.028948794860539577	0.011921871422977636	-0.04501058558142771	-0.06318241107292	0.04390119727381178	0.1628127674549703	-0.17044851380403037	-0.07059504691190102	0.11427728360508163	-0.19652368001668472	-0.026041077532561484	0.10835489073805019	0.011544388207516174	-0.0411119926544065	-0.013268651588588282	0.016036863829015043	0.10961691985316024	-0.006441039669309798	0.024499058143823867	0.005990642643045031	-0.04045886167591872	0.03619574341717875	0.043482195784559974	-0.03370906050809895	0.014185363923653996	-0.08961285955684045	-0.11242663752915497	0.05587786080007682	-0.14347183653894166	0.029716003437021892	-0.06599210469451483	-0.017162863307863485	-0.06076989056816244	-0.045644297018504094	-0.08803737884849228
-0.06007229766539846	-0.0064864426873635665	-0.05445855721632012	-0.01151007150628179	-0.08453134146871617	0.0349803660862842	-0.006960882924483668	-0.07080593637243504	-0.039873478716551045	-0.08087643560945021	0.07530054997037705	-0.04871399463338788	0.07914320008913991	0.11525511149486939	0.023180289107746437	-0.014743331819382078	0.027464121609126438	0.1261138370221346	-0.03793471115038281	0.06841103746666148	-0.13627447335750792	0.023398690248831098	-0.019105759317485656	0.12467792334930324	-0.07490956537413276	0.018715152700354523	0.15007325968503135	-0.1058025124948391	-0.01339312715212231	0.03804220936203562	0.031764461490923226	0.023922380323459107	0.007706086555736985	0.07440432809499369	0.019904223140628237	-0.014989953166870483	-0.0916741694465967	-0.004494380246037766	-0.026005479790445735	-0.002857903073844155	-0.051602815760247604	0.015718628210539928	0.06642180363867936	-0.00027842332969132966	-0.1595943700604381	0.040344372747104396	-0.08862558282964489	-0.026971722170896786	0.07424794974410191	0.03582978742523479	-0.04325903707295968	0.04321196770884939	-0.1366015062153056
-0.06108016634761116	0.01537126997254637	-0.08902439182668917	0.01282480394882669	-0.05762622447143813	0.002504362323440111	0.049204463268860535	0.011226233632872964	0.019163269625827522	0.13419834173971307	-0.022842572305687647	-0.05488714675274085	0.05885550674875189	0.1315447232259637	-0.005139149637869415	0.008353444231242239	-0.009663547360311595	0.03622602550023096	-0.01545793301804848	0.12263371967047952	-0.0911223033414564	-0.02647863480946078	-0.049759104212432764	0.09710903293618078	0.023183800167950235	0.02011506626735445	-0.027990301575547587	0.0016999473500389946	-0.001433763857411289	0.07113331282711928	-0.013084263789848522	-0.11134608056214423	0.04673179873775917	0.09150496257441451	-0.0064260312674244025	0.046263216603598084	0.023621366019992963	-0.07458929167526811	-0.07653407094781192	-0.008589143049592754	-0.003919544498060784	0.01211509880189587	0.013951392983646229	0.06191071020325684	-0.2114067056818547	-0.05083692197320533	-0.08944050244540744	-0.06621953296295363	0.09128425783601221	0.015404930308723084	0.0844130712489668	0.006832202626029467	-0.015299099965276295
-0.05570476960938834	0.004708109020848161	-0.09537779011397321	-0.03251652700478759	-0.014532143532404465	-0.0017923119827425989	0.08215412496862859	0.051766870975364136	0.09586239100613751	0.0988360795975708	0.059074182519145174	-0.05036705805582392	-0.11487323796735653	0.03518534880386913	-0.03614854422906244	-0.07232981031527529	0.03897555233573755	0.02499137584891291	0.0363652297575209	0.1217676286541834	-0.08255152637310265	-0.1089237471312477	-0.02355258795499486	0.09460305740651713	0.017108044386321852	0.03537668614330752	0.01140518850976694	-0.031709883989700816	-0.09889953198651694	0.029521095946579895	0.004995375161442947	-0.0019784357361253904	0.032986876676347726	0.026529612294871496	0.12760750062333948	0.034110907466767273	0.1167240490446784	-0.11790560365958339	-0.09411662742843516	-0.05771518439747227	0.08854572366192626	-0.06898214606122442	0.006809743014815805	0.043850461008140246	-0.0734590900790744	-0.12434168003725692	-0.0251536852963698	0.09090069657533006	0.025748757791187484	-0.04445704086558011	0.053394116900618446	-0.07754927905977779	0.01565986116803679
-0.05051359624531422	-0.01515968526610886	-0.09310620764118628	-0.05482929589472173	0.04817071300439002	-0.00767287281522089	0.08845339588663484	0.042254724669441794	0.117924789488199	-0.10370403443295267	0.11573776184261281	-0.08424106503765814	-0.05257421614140306	-0.014311271148440514	-0.04539209345237431	-0.06708679972081605	0.05638215731695432	-0.05362645756403172	0.042649918770406206	0.09682919267479112	-0.1292765645877426	-0.08925142389892372	-0.0011129722617598745	0.07494731388552263	-0.01342226124827925	0.045140590264695725	0.11256767947414274	-0.045373315938464574	-0.1102987923524969	0.0035444628520581722	0.05583723227322759	0.043771682641348446	0.02106402983813626	0.010057256274258505	0.09396596366517049	0.04745691520694745	0.0766074366804087	-0.0515496843727338	-0.0831638931341969	-0.08015225711808496	-0.0442750390152038	0.008121581656183763	0.0322638518784024	0.11230374911383292	0.05096143881385545	0.00377291919461685	0.025063891687198206	0.0925110257336626	-0.05564503301382731	-0.02987589334236325	0.048178362597360136	-0.05158279628531763	0.120951728696629
-0.047455617166484096	-0.007881072585142528	-0.1013754620720633	0.003060565288232222	0.11229842720325373	-0.028794079870798444	0.058426210398371654	-0.024289075858878746	0.17738935947995632	-0.01168372689777231	0.018860079790580807	-0.04549564710406288	0.13797391736417175	0.055452291674184855	-0.12543931754124993	0.01509925264060912	0.06371373834446739	-0.09292851807198974	0.12811827228135958	0.08646920417612788	-0.08811802614364232	-0.015731399976067692	0.031732594560020616	0.016545450149700165	0.010375652141518373	0.011716904481035878	0.12514792168113142	0.06672545673763856	-0.11970203956065917	0.03100820114700153	0.04181919745406267	0.047531320512753265	0.09946258353303553	0.02791840660395286	-0.038347560427663796	0.11203603551186377	0.018182990919124314	-0.01218396920692311	-0.03074961046077755	-0.02832666533223825	-0.05264221389753496	0.04850944252350209	0.04337357227761937	0.07930324930829456	0.038187565691744925	0.14009762231272996	0.06217773620302297	-0.011347963528825979	-0.029594544940587688	0.09559388098433769	-0.00034991592641393787	-0.05893365390720645	0.14844753057649918
-0.04554721122635569	-0.011924716560915496	-0.10014295558028789	0.028537435664780255	0.14370674109653175	-0.02122367997207328	-0.00509886933960689	-0.12209817963895211	0.15818222343479277	0.08829365938950551	0.038395272483091714	0.028840772580454862	-0.010374440678146237	0.009018770574718223	-0.12292760643188419	-0.05742769690713833	0.03941168445954856	-0.016144598731795697	0.040083079891340787	0.06991593099298547	-0.10595048901230568	-0.004023546637436828	0.006368002152085582	-0.02721891040989555	-0.013327439752905568	0.05999745979972132	0.08505258875147945	-0.004332708984331003	-0.12726442869235532	0.022466725388383905	0.05502925164621829	0.1327173395253797	0.08654778150149661	0.06331269906740625	-0.10920850943400405	0.057090702455521274	0.07204625784051796	-0.03357030600669786	0.05395181242635873	-0.03244673942220223	0.09639994506453006	-0.0006642831645979463	-0.08316807216558282	-0.00013468982772291485	0.06250996141633276	0.0727580093600865	0.025644675515030517	-0.005555986202034093	0.08171195481320609	0.040121576258808724	0.05593508852865784	-0.0758735124843511	0.10749155987235576
-0.04795429875606887	-0.013839226230370193	-0.0854143766122633	0.006022501093544849	0.030249747350055197	0.02311465260606203	-0.02429495103532561	-0.14661018510457952	0.05334702863828569	-0.0452189247603926	0.09440410153247106	-0.08113319151842	-0.04352654484383217	-0.07654125188468698	0.007900615368405873	-0.0176655887169836	-0.05600908998122513	0.027107352299912006	-0.06093275706737427	-0.0009421993824016185	-0.14190027045996523	-0.054075883191354215	0.005816458495401764	-0.023262594951064697	0.05417511823086664	0.1035243197881546	0.06514466500340282	-0.11662771319514487	-0.08276586465431604	0.029257480646221603	0.10222893249137519	0.09541874792831384	-0.05146837845898921	0.004338952607685992	-0.1073965223592852	0.0863807535310821	0.11539229223115	0.021395196250410947	0.09203072409740684	-0.07804627564224617	0.09158135595385852	0.019482372196053303	-0.10407121838877191	-0.035371422848812145	0.10596431260517905	0.15016661723388033	-0.025743487718072555	-0.15458112402321958	-0.022072186877678507	-0.0987980755117442	0.03197522008602445	-0.031825919697143795	-0.04213804757572206
-0.049227303903348923	0.03384549830731078	-0.08033897780484404	0.016433195783536	-0.06267294249669254	-0.011253085301386388	0.012952990047133427	-0.003614767419095095	0.091210980845589	-0.013565175160188124	0.07361542974526307	-0.13964850057829062	0.12908137031424122	0.009744455909285023	0.060715840331665806	0.09844669686171521	-0.08112582311466514	-0.01667173630048302	-0.08659303309289275	-0.018395591414882825	-0.053670742041996365	-0.051184173679380246	-0.0003698351081434445	0.017159367970301875	0.10892724688594191	0.08100484903989527	0.10628265495498226	-0.0018941586237747055	-0.017487895888859545	0.07482378201876519	0.009078040602214975	0.017255283960196557	-0.11860056281547472	-0.11917261486219247	-0.14232260475379582	0.14391578076951805	0.05327231002567091	0.05204366483007797	0.044539494231672	0.0017067056430259287	-0.0738469562234241	0.005421037323954062	0.03444860800352291	-0.10357752048783167	0.028020508787010838	0.2870656429372328	-0.010421598365521714	-0.20052052187932276	-0.06627017479870628	0.0044017777250041495	-0.18458646657379776	0.09869325941840915	-0.07404060923998411
-0.04813299932405287	0.05003430154932638	-0.10464962821020216	0.057612413208278423	0.014164069831214232	-0.07467952750861376	0.013490738079447393	0.007218311807620199	0.131874220394147	0.13106189894720136	0.09616725123002673	0.0068713783915107735	0.00817754273202871	0.046141634359886274	0.10473037389058064	0.008364859390740886	-0.09129294812407233	-0.04563607232112005	0.04787025346597411	-0.03381033246821503	0.04349363551268692	-0.0496951735553869	-0.053793875482001464	-0.025187616877949133	0.08114412645096482	0.11633160110569261	0.03252355393426096	0.06178582067802764	-0.10548550706230628	0.01833814117291484	0.004893778589616753	-0.051863923672810446	-0.0067433509707788275	-0.1378324805340546	-0.10618651349755501	0.1619507237453876	-0.015838123219535247	-0.010756533926116571	0.005688501205308869	-0.027324554052471046	0.027642508424327653	-0.010678243064510026	0.07147912957974686	-0.02916193606967191	-0.0033600295429494637	0.0707163811637879	-0.043454618443580215	0.007375660516559038	0.031659733568717284	0.11031236833577761	-0.15112228613049467	0.08773778583703204	-0.004215694015945244
-0.04545784676698632	0.07012115612109222	-0.09922625389274844	0.08812261058042538	0.054538586137430886	-0.07777411016776291	0.023567510564440643	0.0014104671414151915	0.039855501767644026	0.011009673925649874	0.1675000891663597	0.024397544470988537	-0.045748211850453795	0.02871082602471408	0.051563748423797254	-0.05162535270319382	-0.05132904469925989	-0.049055676624949134	0.033093767071720334	-0.07442698522559438	-0.00809874426697161	-0.03562370682846422	-0.16786469715634125	-0.11921170026088881	-0.056840479457016396	0.11363736186870672	-0.04117190613840334	0.011287966528338696	-0.09025537402127506	-0.06130560243089964	-0.03811345914182326	-0.06593244378365537	-0.09273558314314953	0.0014921836089665519	-0.007542020098796957	0.12440780038741149	-0.09233743557739618	0.021782942657904432	0.06225820433117954	-0.07642387270785533	0.13759458349868625	-0.07417450206974549	0.04198639823540963	0.08442382200016418	-0.05508857925078765	-0.09218166134552692	-0.003977108012382902	0.0510680485566742	0.005079584744311666	0.04236207646000156	-0.03235014501292715	0.05519622795563792	-0.1000352916398261
-0.044549467986236886	0.11304029481018861	-0.06672045517224948	0.12129927421122315	0.03411565680325975	-0.08607226937596642	0.06457966255242488	0.02492151843768196	-0.03525406535036043	0.002229199232987519	0.07494400062965825	-0.03435873817117815	0.11249217916346395	0.031399590961765304	-0.08694364236678677	0.023864542250119847	0.01614658464083562	-0.029617042113784367	0.003382009204796421	-0.09630090421817225	-0.07134806574522254	-0.050434575516192764	-0.21082432888399386	-0.0031887852092235477	-0.2710760777956457	0.0516694551927747	-0.09681533972026785	-0.03389084001501513	-0.036099457750350804	-0.03003295571532058	-0.09443989250751204	-0.07399948252856918	-0.220814609634301	0.055873977953143514	0.08102628203549443	-0.01075346024664606	-0.06644733824534607	-0.004567032294488724	0.018816901749308494	0.02194389921666988	0.1298114516575216	-0.056316172687139045	-0.08255533755712371	0.06644619732095976	-0.0770076557892882	-0.11178331272314762	0.020817359085476536	-0.02306725837270221	-0.04409288152043307	0.030996473350591577	-0.12409842930086912	0.06536472684573165	-0.1716524938889243
-0.0460387095652621	0.11760124463740719	-0.07188888465611558	0.1401676181321983	0.037620699453079894	-0.10979832794646913	0.07186504598408024	0.06007728083406138	-0.023461998100061433	0.08498216829579795	-0.0574895198605449	0.005367202978547957	-0.031206826490259423	-0.061080347806269024	-0.08650480671853919	-0.03197232488621953	0.014369431965070083	0.0536800789987056	0.07753089293602176	-0.00725459883202223	-0.14851271487510206	-0.02721695743401196	-0.1073373816680941	-0.011951173161378767	-0.22966615864998027	0.03034593898964949	-0.04970459907672966	-0.05215929471919636	0.014248881868684931	0.04649512978539956	0.020421197562245474	-0.10460451098197962	-0.1508423023676978	0.07759584791201905	0.06922198142326477	-0.04723612923944211	0.029050985566384926	-0.040701605852385	-0.0818341015075886	0.0608536843427103	-0.043364043426499514	-0.009748398609658485	-0.10940862077444066	0.0993933199331826	0.014132211033640492	-0.02969059344748544	0.004165241912525295	-0.011776260638086317	-0.01612639237114056	-1.1552948632225033e-05	-0.12738711991027382	0.07087380365341843	-0.07614169518518775
-0.04269918782804825	0.07857398502709954	-0.07994308075673155	0.13652598216823839	0.02710268561637434	-0.07687597890349449	0.014861266929591188	-0.025754454205859652	0.02822304673837061	-0.11279855200547861	-0.05149330166715441	-0.0408968238738074	-0.1222511703275618	-0.1370262858659538	-0.07802631847637645	-0.09868598875769842	-0.012839332927269905	-0.01700355190779291	0.06166200276875635	0.0007569006685589708	-0.07550160251320324	0.010435179080382665	0.0024237384565740077	-0.06976182748858327	-0.014598751890947285	-0.0028627490663462804	0.017367725740886294	0.047773522014220936	-0.007014196192347816	0.1313445967531974	0.038199610616498625	-0.08811645672728796	-0.013961329372623829	0.08896960837978324	-0.10783542888313305	-0.04942077254911778	0.019099148666174025	-0.03217437922793663	-0.0692329536257376	0.12517706064795073	-0.10031396362199606	-0.12768412815559457	0.16045851228072927	0.05656610035674093	0.0427998068860956	0.040993463028462816	0.05339868906861188	0.023819003096200747	-0.02680396672781243	0.010405436427243231	-0.1295746622599654	0.003850147241066382	0.07410068609336073
-0.04099567975444856	0.04987919084711165	-0.06867272201078713	0.11696793093525845	-0.032950586798849095	-0.07442149056237254	-0.07003485480273913	-0.1577688397857284	0.06853876238746555	-0.08785921161336034	-0.05643818526754758	-0.09619016959870061	0.09775546223487618	-0.12400242651436297	-0.053399915315327943	0.00870733837260218	-0.03236560063282323	-0.09125107630550502	0.016776189365407	-0.13040231867266006	0.07138797827995175	-0.12432144299038546	0.04240280838498769	0.002452772631980585	0.07311630404026252	-0.003654650442002777	-0.1156887427024419	0.007489565113443841	-0.01532012415447535	0.08181354825704103	-0.023579038781167086	-0.0255938979389067	0.019944801462538662	0.11845045265433113	-0.15379063779307434	-0.06862241056673035	-0.019967120810136574	-0.08089942079615603	-0.03906280958583666	0.1674473341446242	0.015258539583247549	-0.20492074530469812	0.0782709543092953	0.017904316128869835	0.010411340811211811	0.016044513460115567	0.11832073844281119	0.016138629079802444	-0.09464991451037857	0.028909171587543844	-0.08464109625244749	-0.17340608242798075	0.12155343803583452
-0.04080284621365519	0.044828109691790054	-0.09904532820050711	0.08412244388099992	-0.06090671279466363	-0.11025354742612947	-0.12294685749731957	-0.16081596093045933	0.0850825371501156	0.1402878328471109	0.037920009850395314	-0.021766583611890423	0.0128601980456956	-0.10086570208680504	0.031230204932554895	0.12143648626117608	-0.02577328719826795	0.03470179755862303	0.13549466667260573	-0.14340346476275173	-0.04612967627848204	-0.13061836490788611	0.06630023483334993	-0.11172734840625512	0.13274229854462868	-0.04642279783879506	-0.0992831058145226	-0.01963104997798809	0.04656338092942566	-0.032314614910765135	-0.01876485367541629	0.09077666259062396	0.050038058148796395	0.02763990731785608	0.05154892751415205	-0.133010153379675	-0.05059075180052679	-0.10523474435668154	-0.06973475027052745	0.06873607982619713	-0.015404652690940837	0.005800893229633661	-0.05706723821786172	-0.06820594452051357	0.03706846621980349	-0.027594603451431277	0.0771744679477265	0.08871028374475419	-0.009733837803214747	0.053231778681244256	-0.040891048328580704	-0.06906530192937492	0.019600742604558012
-0.04006845597225466	0.05676252643687372	-0.1139910421307928	0.07708941516964621	-0.048530151921967184	-0.09597065776228798	-0.056555778060841166	-0.1169750913138932	-0.0341533184662034	0.013099832756764511	0.14626067465082435	-0.056785296145119776	-0.03283858830064982	0.0008614653929525327	0.10811727835442629	0.12398089456994049	-0.0630007877397976	0.05016286670780867	0.01701480494186139	-0.06685581564105184	-0.08016866487805274	-0.018805889404912735	0.009647128064389792	-0.22897315761086162	0.11177939817914505	-0.028343217082231566	0.027336698216150576	-0.024322226551183948	0.13055018726581838	-0.009578409751786997	0.007505668043625582	0.020701796845530484	0.015575788352158396	0.050642869741587375	0.044963393551410824	-0.19409559529139014	0.050019882546707126	-0.05896706701302065	0.01630806571242173	-0.05614857928797784	0.017242901701003163	0.09357596975938226	0.033483513583452015	0.029055327886519818	0.0235431715469329	0.013504061646963095	0.11678905853359063	0.10739622393975075	0.054354024855615905	0.058683416309469855	0.035200188811000545	0.03145550636326014	-0.02961434051273095
-0.04080483019414259	0.08311009495386297	-0.0603631680061694	0.062473574889709	-0.04746147879531395	-0.04849064064788931	0.0009098027448464038	-0.010336881200869666	-0.10261627471735607	0.031216911139876364	0.03175754322012478	-0.18661988851068284	0.12943049679381427	-0.04149580249498601	0.13789967281394233	0.035181588488907546	-0.049778874179908256	0.03732704833950244	-0.13942554160907794	-0.0008815690650941857	0.024393497128462543	-0.019643831561769548	-0.009601085277550657	-0.1152282136321149	0.021419215330900715	0.01472812319382856	0.021446582073516386	0.012264904525143144	0.08936773513957656	-0.02410199527760381	0.0730007940541565	-0.13782206314145767	0.0416465400022122	0.08126714738713568	-0.07087078509238695	-0.1689416949761544	0.08883959428206667	-0.14720896818262286	0.059771211652792915	-0.004001622860456876	-0.0038687516065378964	0.012765495327482522	-0.044795313413897496	-0.04409787286178731	-0.048992680051631085	0.03709152341661763	0.11273111693015779	0.02723513838104141	-0.06022426627839209	0.029495474979552933	0.014240656741580805	-0.00835359305576364	0.010557315330653488
-0.0356491387946414	0.09403211605487863	-0.0247883679451805	0.028390198983046188	-0.03484253366013303	-0.01379430251352361	-0.010920672868957045	0.0924519030939007	-0.04139558132460807	0.12768836428169758	0.01978995933013752	-0.17170841012586946	0.006683816089323083	-0.15034950212964676	0.15396909847435947	-0.12616359420285192	-0.035109482280227984	0.1317445736964037	-0.11792543059853819	0.00684618269871776	0.01790058210546388	-0.11110678075829894	0.018795442757701425	0.015434626489133484	-0.012020321705077039	-0.040868613719967715	0.01167261796419029	0.10032159276144784	0.012336917022245797	0.0007937788526608709	0.11855516294744489	-0.11645842474168627	0.08598801771047762	-0.00819126048167916	-0.04598287843496798	-0.09368849398906012	-0.05500851198398928	-0.17767667558653474	-0.0291818365541986	0.021186251124996003	-0.05156357342307618	0.0508209631725282	-0.09809913391732993	-0.09122871837509884	-0.10540512396345114	-0.02356501042758779	-0.005981351899866122	0.0712102059671183	-0.022539513968554505	0.06560273686968444	-0.041448244600997164	-0.08562642922017524	0.0925668264498877
-0.03371890736734441	0.0963477128900066	-0.04392475748234767	0.043136286058159924	-0.03686259108940914	-0.06356354099449028	-0.01564314265252659	0.07662050186229039	-0.03291392264774798	-0.07843507978926165	0.0759813871604337	-0.13927424097033497	-0.008613303697938468	-0.017033695441293177	0.11379297126339537	-0.11140475598667755	-0.04657098645871862	0.12884271145518733	-0.012980506733866436	-0.023318080031828278	0.01118737308825566	-0.1906640369733602	0.04957927602509964	0.02457191466894064	0.061931067836265605	-0.05573595442173987	0.05938034933470732	0.1065608201052775	0.03288031798640492	-0.015097920251997708	0.05906225246847385	0.011161409886445213	0.041854665515840044	-0.09882253193854132	0.03178437881522494	0.001709755454480228	-0.13295918092453043	0.020252894184016514	-0.07714999310740284	0.022251375111300445	-0.0065634270997328124	0.13979237670862926	-0.001600898567854745	0.044715259274739974	-0.10515491337479384	-0.13547956481363901	-0.18985394108590048	0.08161731997304233	0.10612402904547517	0.05322159509293705	-0.011188529411521592	-0.07639416705203964	0.09045977210314353
-0.03631384867252318	0.11042755929170937	-0.026246891723787233	0.035429594821755596	-0.050395844511061924	-0.10755026337684201	0.022432810341834003	0.055681589057969896	0.050425821024119376	0.02066724641833644	-0.05753555710569473	-0.08245528588391951	0.027733447209120406	0.13005148624492655	0.04821456509894468	0.027349017156210353	0.0002981015667150198	0.04486030471998615	-0.0874113878312347	-0.060027230369338214	0.09950720798261051	-0.13150513314302115	0.01511469879640899	-0.061162781934630546	0.06270510028772004	-0.039635704224366686	0.042784610828779795	-0.05222173893407404	0.02032537144853482	-0.12286522215764022	-0.03332007238924417	-0.04096903637669462	0.03203461059488907	-0.05393630316170545	-0.014282195703514647	0.06714775570546518	-0.08156230326736214	0.11561791218552969	0.0632791470135027	0.0998948812519318	0.014295224689376973	0.09097079360646892	0.05904529649720218	0.06643170233067638	-0.0900407926999725	-0.05411886106621769	-0.19634163785892023	0.03577127076671693	0.02771909690639373	0.008950920139846632	0.049421410576411876	-0.01740525187086641	0.025105638796229957
-0.03757693105720729	0.11692385669797176	-0.007862078566878199	0.01672970355241018	-0.06567075849377867	-0.11898541538960895	0.05264703838593982	0.04948735759368713	0.09623485682201019	0.02036665823369328	-0.02604273772167886	-0.04212815465303572	-0.15353514481517958	0.11749281266359723	0.04661028907697966	0.08977293913605576	0.006218680828411173	0.01171317648649543	-0.13124444312561456	-0.03615335926643918	0.12646523832772724	-0.03810622070061935	-0.014216353091666759	-0.11848685183921401	0.03733988234636053	-0.025751367677856962	0.050278062117212384	-0.09913833452608135	-0.04507354572136887	-0.1946387461778828	-0.08176984466193582	-0.015365154269538946	-0.008603309123545694	0.041053162098690546	0.016326200116334885	0.08756864238151074	-0.0028879809328206385	0.055363919725231414	0.10890450604266998	0.0808777258607717	0.018013310977015477	0.038768963784003206	0.07354151840237008	-0.033280208327401334	-0.07620477743407743	0.0946298138618626	-0.1326232098495004	0.04228824866815262	0.04360336656938508	0.012496859617733492	0.06826472794877253	0.05254424775589284	-0.057665256729871425
-0.03621494539519858	0.12440221326585586	0.023443567950388093	0.014800773401734595	-0.059955942538831325	-0.1170562866863046	0.060174109031688704	0.03939155076434667	0.04579185427448311	-0.12058074683938884	0.019232323806932676	-0.0783604959104153	-0.08346712841564959	0.057773727043560506	0.035002878232720976	0.049614714858457795	-9.933048148811144e-05	-0.07781739365760444	-0.145489359061219	-0.027503431522094782	0.14841178799796806	-0.010382454386955037	-0.014791351588672303	-0.10274814501527961	0.04387747600686488	0.0012081664805325219	-0.0036581437403230485	-0.09091910015293136	-0.09155177184077164	-0.11549335547592983	-0.09756313020987512	-0.03112192068334893	-0.06639670534477578	0.0945690309661038	0.09026789965849816	0.020662713830709077	0.04062703053534071	0.04157198917176771	0.082868551904549	0.016626914029468483	-0.09612189733792299	0.07235030214557803	-0.04483436739684976	0.015615330941531606	-0.017619144064704655	0.06343249233161168	0.051005538737156415	0.05941147669366808	0.03407322252570063	0.03615724127688857	0.05130318173165904	0.05822705158913431	-0.11343717328291691
-0.030728616765128357	0.14378224368997672	0.07239006094739826	0.03141457058600985	-0.060580514053938016	-0.09036619465078695	0.05160913351834277	0.04328007394615673	0.006920907115273666	0.007289406808749197	-0.05622555008031779	-0.006384464418110248	0.10797957547175342	-0.08164042362356598	-0.0017097671621488122	-0.0489320259695644	0.03272470339766284	-0.14390971447134207	-0.12782572566598438	-0.04492631043342761	0.14309383182649962	0.09706754369918234	-0.021611033850926536	-0.029632841060688846	-0.07422577818551324	0.016178591181235144	-0.06818699292870276	-0.12613014830086192	-0.1414520590459234	-0.004668153951272392	-0.011851300583942336	-0.05866563319942659	-0.03956035051317253	0.0270827908519037	0.04110960924132912	0.04063665630450552	0.0802377385016649	0.04455531686078568	0.03082163694134231	-0.07066155074790605	-0.17425721524941887	0.053226793956123494	-0.1519867551381666	0.08025077772670956	0.09211952360135872	-0.0676638349162961	0.1734462137207241	0.08261006001270936	-0.07195075090044717	0.04712241258435278	0.008096014081079801	-0.004170499250994962	0.015076532735090967
-0.03021096621341266	0.15400581138089214	0.09003094607116541	0.043817311755759064	-0.08958303113521207	-0.03944851336413564	0.062104867098607755	0.04776343384991948	0.016242719731820503	0.060825042524001276	-0.024280390525791944	0.10291583765100541	0.018774054001521667	-0.22738525958501307	0.048881288336771904	-0.10371210080687385	0.10924365918633742	-0.07857072220364492	-0.04932280894311657	-0.03668867031828828	0.09783452299059908	0.13297755697798005	-0.11874843277248387	-0.01093120390567296	-0.17798322450548867	0.007174111732599022	-0.013432073147773418	-0.08794713198887358	-0.04768810910376322	-0.011196310003171426	0.06548495888005917	0.0591103838256595	0.033619937258274744	-0.009220449087638471	-0.0357549618373093	0.08819936228493105	0.07772562739371552	0.11858301397705497	0.01565024407145786	-0.07453261409267452	-0.06111483483302149	0.047600710642427144	-0.09563606913027109	0.011419944831480795	0.078923430847094	0.046025371455169044	0.08814214250931882	0.013466446487704007	-0.02898970023504314	0.015253053797973617	0.058278600212637074	-0.04719241458809448	0.14339053563700233
-0.030756716594570077	0.1552557133209623	0.07299968133072027	0.04723018437962499	-0.09742779694560262	-0.026126080066922682	0.06330390437452943	0.01874943088418251	-0.03205961970448898	-0.07406402275893556	0.07767011969487962	0.08252218205303859	0.007607880563769306	-0.15237972872021188	0.03853647650604493	-0.055109786218803844	0.11039767594377753	-0.06362362644974591	-0.010055985892240266	-0.005290075846754096	0.13107860492199164	0.06884229849398975	-0.15536028124353285	0.03610220680168781	-0.10982198402454199	-0.06434031106983984	0.04883295931068018	0.0399623940241639	-0.05835628789020379	0.00753027161337507	0.020414651160557774	0.151366876991056	0.08377747827625145	-0.07977557197868082	-0.052643264117023206	-0.02501217312698121	0.031209797320869592	-0.02814929719067881	-0.008668849959054113	0.01597476919490569	0.06530790030069022	0.052500962050776916	-0.02126600190472392	-0.004846329574797173	0.009179475962278489	0.20710436486295838	-0.10654997660729491	-0.04301849626913165	0.11560239169175567	-0.011713567514062918	0.10788080687780163	-0.020675135181453672	0.13568063060338292
-0.02965802478860266	0.14770389110684748	0.0722791477454641	0.04117469290925152	-0.11105811957056785	-0.05215147490434931	0.023697439181799312	0.012238593357057218	-0.017146862501734673	0.027351422525298753	-0.0009132845527509048	0.04855162167992936	0.10207735984610332	-0.06595068826266953	0.008702851987608281	0.019984070922720667	0.045980187021262296	-0.08177187197240808	-0.03283454306199285	0.006155258320978463	0.14949249854463384	0.04863514798465648	0.009733783914775168	0.03427072192223159	0.04747039739897251	-0.04616831448738237	0.04493598191311098	-0.0018603519226970816	-0.09982161067948077	0.09187714125020004	0.018745959603680595	0.14804504569077664	0.09394841084656379	-0.1639006976892841	0.057941904354498704	-0.06311655956869944	0.01897240563532527	-0.19942888959643187	-0.03392278165321027	-0.04517271212563997	0.12519621029957037	0.0660481455123507	0.025985189886068877	0.1318339007457476	-0.05057207400681392	0.06676558101514071	-0.11595676559374138	-0.0015272522187790155	0.11025022724909722	0.026751753971813945	0.050746464189821636	0.058646843957302144	0.04279488537910743
-0.02679825419562395	0.1377601941603775	0.07646405869382338	0.016628052685084684	-0.1386533543492833	0.02662914529582587	-0.007681642494936233	0.02355641886391687	0.007871600874097455	0.03482355188091403	0.028234556525663482	0.12787552422152426	-0.020290638594261626	-0.15387652273711755	-0.04041876086654219	-0.0392007731770535	0.06033906192893679	-0.06846317954120619	-0.013797541160942228	0.0008000995419039092	0.05586419706416577	0.04771448597161284	0.03211018482118949	0.017490756101653262	0.009498360113649273	-0.018954994330289625	0.02882873963483633	-0.006798893778057841	-0.005135870517080367	0.07819162890641754	-0.038701864323375246	0.11309964325003298	0.05260991023202217	-0.13035872880376898	0.09567145794342362	-0.09818550470896444	-0.0024906717179568674	-0.11535883119912496	0.04533700384067901	-0.19204400132029728	0.03562404811121078	-0.014177422676500094	0.061900885531104705	0.1625959572803756	-0.11871998167304215	-0.026627209987370806	0.002308587986748007	-0.01796658382537919	0.01931875690316657	0.03237349828896635	-0.06597010852032469	0.08635175927345841	-0.09104870465166964
-0.024854719466699024	0.12803019493724593	0.060892346433879564	0.02567179434385924	-0.13389403518458146	0.09687663762940553	-0.03314178371718515	-0.05274233819910916	-0.08868322668311858	-0.08614435151113572	0.06591048530670497	0.1389404395470125	0.040451350599713644	-0.07875007857800581	-0.11275564188687567	-0.06269217988887288	-0.009025581961735397	-0.10560125878023986	0.030865952078782243	0.05054348632812253	-0.019900119661194576	0.0037869732184363236	0.05835496836658368	0.026449071205661735	-0.06900687840800185	0.01281573143918438	0.10567370192886658	0.085383088708547	0.004397503921206504	-0.05135493196138036	-0.11831590978865437	0.029821894892426048	0.013197692522760445	-0.017426004987324765	0.024411298145219272	-0.21337043856891857	-0.046684974582017945	0.009029028017671373	0.10218963625634467	-0.09645542479477552	0.010924581639078487	-0.12889655399856265	0.13309025323733156	0.052649427628142925	-0.08979649129031336	0.015790761831619832	-0.029816465709873764	-0.05663120404222852	0.08087015723399237	-0.012731474655289628	-0.07503758003314648	0.07430281236796846	-0.05708069837730248
-0.02434792299460722	0.12258032559711601	0.050082812133418315	0.05527910010457047	-0.10743800330867008	0.05215593730086218	-0.0650758141828833	-0.1155712531735465	-0.1223382578922554	0.10053372767405062	-0.09171496132848288	0.08273618408358595	0.04908659807836912	0.017964127777068892	-0.08687929818497106	0.0026172958686817857	-0.06895321359452714	-0.0899316245833118	0.05069867067781999	0.07865192869513744	-0.000811346883489863	-0.0022957235717927862	0.12285774210862427	-0.051099855450063805	-0.02860233887460813	0.058237040355058646	0.14178345857871227	-0.029160559945955847	-0.03167172244084999	-0.12952377357913933	-0.06497354900691912	-0.05086333783759374	-0.01666061967958728	0.006333498442614126	0.06181746401342293	-0.11200839122794268	0.009037972203266367	0.007858695323069417	-0.04500278252117591	-0.0038198139039495455	0.07213725070354576	-0.13152679434973602	0.08547537887022337	-0.0873303800560121	-0.04970919176797986	-0.04882586924933346	-0.020957894893854353	-0.09680720994360348	0.058652760561987066	-0.0539993117864752	0.05515153065840078	0.01901302888556056	0.13403257882532
-0.02506875311639882	0.12343918154913436	0.015872565050837773	0.07898735475034671	-0.10406731592238229	0.06492304169462722	-0.039206039221064824	-0.0940640505655427	-0.11375448261092702	0.004331899567096595	-0.08342637028438336	0.03882329286760781	-0.13120716126957235	-0.0423741275337894	-0.013900023749092355	0.05870456839744702	-0.016253169498426926	-0.07063540202825894	0.1133102050894492	0.082183386305921	-0.017522407345208456	0.02258870320028529	0.10323478115128465	-0.05133301670110339	-0.032055379007306754	0.08091642782320943	0.029780313448662107	-0.08127308178116108	-0.015198748037522924	-0.15861674299950784	0.051646665721612986	0.031607985664995494	-0.011369892865809032	0.007192432795461553	0.1330398536045658	0.014114464479021028	0.05625518048609946	-0.015681116546104094	-0.1609405793373603	0.038664081444957345	-0.0003709693861486951	-0.034372225096122026	-0.015265551124381438	-0.15301222373341336	-0.08204636656787001	-0.035347016282880284	-0.016262444637932277	-0.12467334902394382	-0.13289340958979767	-0.04414647971336545	-0.028023123871858915	0.048796802500171106	0.08194370902318071
-0.024504811368578936	0.11274106985751957	-0.060281403768750026	0.09435310945784302	-0.12093201587194026	0.12015982518152264	-0.005195246669146674	-0.004144782737298929	-0.08580481047604277	-0.10603642294415196	-0.09406344203560318	0.01991301105428467	0.03803026567191073	-0.03510467686556947	0.020065641830895008	0.0803130612334378	-0.0356309000233209	-0.1331885050404651	0.09484543466311067	0.12776896813544808	-0.09958861267526077	0.07256040901080597	0.06788557172035371	0.010736932656476121	0.024603722203451313	0.11049020406500804	0.02383262189149532	-0.02446927359081798	0.03806784180801983	-0.09622161656951474	0.15963104040269432	0.11401194694571086	0.03071596783333544	0.08109345657088074	0.01971688476455459	-0.017478061247603906	-0.012633675171106548	0.04376840021783984	-0.12917068038377924	0.1194413266337868	-0.0441551406857716	0.032654132161695854	-0.10366990713343124	-0.04342898344994876	-0.1550482715700259	-0.054655526055670256	-0.011857080898274074	-0.125842022920367	-0.05263357424468849	-0.07201846513227583	-0.13445969788147846	0.0722457723643983	-0.09038562916532872
-0.02685525009589434	0.09518361956187583	-0.09207923743190499	0.07498814685341097	-0.08822817026360506	0.13931504439604467	-0.06235046506403552	0.05310794182885005	-0.015214639731843532	0.07620300332096781	-0.040316407828281976	0.11334843499039374	0.06355267224449736	-0.06673871918061765	0.10663703863273108	-0.012395062501412396	-0.059859000314570886	-0.15705196887314818	-0.02029659268407767	0.11592558133592436	-0.061258185630601654	0.1120027280486712	0.07559907617406855	-0.007976046791552852	0.1934701401111707	0.07044001825874742	0.015359848069674262	-0.04531797019462774	0.09552358445201341	0.007419067765282457	0.10903445688449956	0.06312319048484577	0.021938510260006677	0.04376479270003373	-0.0876699686083903	0.12416269564474117	0.0028907216714961674	0.04737244166720146	-0.01047888748340494	0.17967160176527	-0.061804363847718785	0.020214401639538405	-0.06688091299422753	0.027047442684235798	-0.043370586289596086	-0.13937475648421047	0.009111135962470924	-0.05130745441111403	-0.0014692806406207022	-0.09180550141792766	0.03791653006154744	0.009091810650261833	-0.09825498615755322
-0.026650679782476726	0.0741924664963756	-0.07784089510823747	0.03022390250205612	-0.05549224785879754	0.11896843331053249	-0.11547981129731291	-0.002135783417187766	-0.015493785404224263	-0.0295385768225148	0.11614115080656372	0.1111472311710238	0.05295718952177072	-0.093020253232353	0.1398896155180806	-0.11963254069081448	0.029609661164139697	-0.03384397859794756	-0.11002043454048537	0.07498383977087417	0.018195486172376305	0.11469459711911144	0.0882928523125951	0.041428420955658816	0.12921430608496107	-0.05195349884816445	-0.12296107544029536	-0.01239442976236084	0.14822562742223777	0.00520488813261385	0.061057949279735284	-0.03888461481796015	-0.07300123438898713	0.025222452173460926	-0.0129432265021997	0.17487654945272404	0.06055388167984049	0.061349556454768	0.08882039268303216	0.1468012465190555	0.024413048357422272	-0.08035270538821962	0.06751341308155114	-0.055381600518709134	0.13254739495393872	-0.014775710514749942	0.004400698263569709	0.05463070204054693	-0.05481229453920647	0.019401536918556776	0.072386315730567	0.009300185378645097	-0.027835080600842832
-0.02293598274230826	0.0373487677803689	-0.08289008583876305	-0.06189502358988012	-0.06863530260638091	0.10112192926895283	-0.10111488195183202	-0.01271619468725103	0.02919712104901749	-0.10235349418908136	0.07898902745724595	0.06949996549787463	0.19412382141898793	0.0011345973000448232	0.01811228834353609	-0.12527646445441096	0.07081419742929727	0.01670845585005696	-0.15303496959311833	-0.023554529022352298	-0.01832384900589808	0.0704303420868167	0.04064543078100982	0.09125894963297335	0.05531307289928436	-0.16720687218116662	-0.18404969109564617	-0.01895211105247406	0.09865255750983946	-0.04669042750783363	0.0015717251919039263	-0.061093097108065535	-0.06416364888502846	-0.02183824159054331	0.0755591294403729	0.030316850977569323	0.08002361610752337	0.05134462827778673	0.07932905223766426	0.0691096586159599	0.04632471854781162	-0.09497519663184167	0.16309164070465043	-0.04024227437347311	0.0700145339785884	0.07724524064346638	-0.053763119391899844	0.0980593148297619	-0.02383093609450765	0.060614644788371516	-0.06459998882779333	0.026595977546355024	-0.05549782504600036
-0.018445217654817537	0.023872965238108067	-0.10589538264792706	-0.0934115268089842	-0.043695620820313065	0.11568919202051299	-0.061143356415415094	0.0012245617582654113	0.07094764577698637	0.09636726777731652	-0.009104697525610803	0.09453383279804968	0.085200175632675	0.08988227566600616	-0.05137545166564672	-0.12881255228656444	0.015267624201314781	-0.019416575001512212	-0.101949053924269	-0.0880874588892781	-0.08088362282049666	0.030023257444572512	0.01612635125203563	0.016017050543761534	0.06496464980073516	-0.14111847210993045	-0.12914518420097856	-0.045888638388734054	0.03529347230045311	-0.09758184685641438	-0.08902207766621784	-0.06723256194768719	0.009092564104851243	-0.0998440093432222	0.07002513866996407	0.01418566305291772	0.061595411643951686	0.016590409245748824	0.04812359625704648	-0.022238863823642412	-0.005026944614957424	0.029792302964748066	0.07356568679250729	0.0592051019838534	-0.018131546718891306	0.00808821377846788	-0.018558541622906828	0.010217153393152045	0.01989206871663389	0.10878863306248203	-0.06271253196414076	-0.01811839903661159	0.009250553451874224
-0.017007300296821987	0.02160588412193018	-0.13300312315410034	-0.07616392999989852	-0.012690069698303398	0.14254683123715747	-0.024984448645126923	-0.028974221827956715	-0.04874548261180163	0.01035822155767767	0.042809255671410924	0.07839212852708768	-0.07753510354333609	0.10384188207630325	-0.06745590596694681	-0.1598237739654304	-0.0723985207150715	-0.016369121649471238	-0.044121522862494544	0.010869760210604214	-0.09983576532967334	0.016487253909414704	0.03268068385848225	-0.055702920944665384	0.036595032105087806	-0.07471419854665848	-0.0728921322044288	-0.05008112350995321	0.01961788534081561	-0.10665728476339235	-0.06669198005363776	-0.03935513488335632	-0.029698862736716243	-0.029470448727836163	0.08904007469532428	0.015064782644293027	0.10772898917562151	-0.03905603772553179	0.10461764214605698	-0.05663686420408969	0.0003564982791133542	0.04909278369498774	-0.0703382061295377	0.02190775768619279	0.05757755740169523	-0.00736241135173422	0.03018704583185971	-0.0021631063046890983	0.05766905773511117	0.13835887140131836	-0.10242974511826755	-0.0037781482169892133	0.15040239547609788
-0.016004643166935506	0.029063175710281264	-0.13954981142772185	-0.07489033214660087	-0.016621673347355488	0.14674225394883933	0.02687071532709081	0.02676686508626623	-0.09000012210662509	-0.07907107744839335	-0.019878619544157105	-0.03515569475896531	-0.003991288530854298	0.13434041892604467	-0.13187520113961418	-0.13481334794045705	-0.14335634146513732	-0.024504562405757227	-0.01001321159158403	0.08429973527947678	-0.02428107002288318	-0.022568041022052614	0.07406596340236152	-0.001886640379798618	0.045211025986171105	-0.11873342341316533	-0.10917346509376918	-0.03210673455002481	-0.01423051490193189	0.002597181673985321	-0.013552153885209934	0.006159969989898234	-0.10071078907889719	-0.015187470195513142	0.051628431864755145	0.012208761028706829	0.12002226300777588	-0.04247142185226103	0.019368974328360967	-0.07471413441643941	-0.018085298290879608	0.05761807724899988	-0.08729885593525673	-0.03875055413989836	0.07914357122126806	0.033575766870394624	0.05241854501539629	0.07603656029156798	0.08593680588091679	0.08058230284297835	-0.1319552481074303	0.08827211276756985	0.17119857296142058
-0.01749372949843936	0.04134009698286426	-0.113401797364006	-0.07938484112152093	-0.020958112235727508	0.1289258381277988	0.030964394371629903	0.08615376133061117	-0.002717665147607185	0.057916905390035175	-0.08138339692510095	-0.030463107960504412	-0.052529480338315726	0.09909629538637393	-0.12037913899024726	-0.06452430053939727	-0.10820192744036362	-0.007555970483538562	-0.002814781397372259	0.024678375294934447	0.10868852790067501	-0.028518413591946068	0.08498144375562745	0.003688982866180571	0.10071210679870266	-0.10337994613228721	-0.011734451499633385	0.028657484854376934	-0.09752665301531692	0.028211900616476535	0.00777188952323845	0.029179297642066407	-0.006619815766321667	-0.08840670885981297	-0.06596218068027503	0.1090063650643236	0.07503556834649133	-0.020203229793615617	-0.039829405795535566	0.02474447281142246	-0.08691946638347861	0.07250293753050148	-0.06778646122280503	0.07625309036550473	0.03921672670425337	-0.16234456174693626	0.0744294629285353	-0.004225683536440882	0.03846318567134569	-0.0027958693436633403	-0.06262495869056359	0.0956171253646903	-0.014616825135143646
-0.015401380131617926	0.029451946821568133	-0.07047508251046783	-0.11987421017138251	0.008081776628652159	0.14701345534467822	0.02389445616991923	0.041753025266883646	-0.03667723480678577	0.06225142222267298	0.10326723330937246	-0.02297516723664663	-0.11966800447109181	-0.039161375943955	-0.12771788765160386	0.020554253946843938	0.015793531824873922	0.017795583500801168	-0.06234962445126471	-0.05707003890727148	0.13273419717712912	-0.06805490979476594	-0.08551760028115037	-0.01607505756317963	0.032148449282241726	0.013744764534881104	0.08156914040062632	0.16832207257902493	-0.0581228598040855	0.007666828235262887	0.0009683453159485497	-0.023424751549867263	0.12212315454811407	-0.04521120546311736	-0.041313484406925366	0.11374750385828664	0.05353877141422094	0.0033104586277735936	0.004006111266114068	0.13139718571388018	-0.09127512204270083	0.0037202193179941253	0.004758173291648636	0.08911734453314486	0.012260473106569605	-0.19908626508570706	0.12035836516854234	-0.14725790096301125	-0.019455759608786358	0.017946784140440798	0.016126285307818358	0.04490388605596868	-0.14105152055809583
-0.01406957151672384	0.033113949885681906	-0.04686582515770523	-0.12147455013057987	0.05673607767361809	0.14773353675269976	0.007556818608555277	-0.010670327305886778	-0.12157655460199779	0.07146197097554519	0.18348446495447734	-0.049205219078934444	0.035769676116446755	-0.026574994901557535	-0.16021562151164903	0.0949008401298166	0.08876591495661026	-0.02793735710322557	-0.11035726842846409	-0.014777325214698604	0.08556348303074562	-0.042072746419524076	-0.16239606463922057	0.014067484031204697	-0.05013069323583125	0.09212284508361628	-0.007109604310021091	0.20476760991188864	-0.08525267809519399	-0.04822547732737495	-0.0208887897685284	-0.018252086816856476	0.10979543712276023	0.007341947511294634	0.046421455120431776	-0.06838539038091399	0.021958852849785684	0.03270745112618629	-0.06264526259603581	0.1245144148479768	-0.015446833008297266	0.04796716665937794	-0.010900778553833035	-0.003465809882709364	0.02855655813237965	0.06446122042422817	0.048540939996804276	-0.06630477149663325	-0.08328557760738739	0.02619498492364148	0.06832529109780061	-0.037235704464978495	-0.1068682678867061
-0.012369386526475238	0.0432620193386253	-0.057725363543508025	-0.08755214143231586	0.07579567184838767	0.12220652617110354	-0.0050587383954678825	-0.04122728598112054	-0.14786740849594557	0.22099873466470116	0.13779987452506143	-0.0016802419694357943	0.002275688886928874	-0.01976327321389544	-0.13434095624554465	0.04725638675338081	0.05239766152857925	0.04283916180387713	-0.09098001962056255	0.031852094477940615	0.02598136450535471	0.01222879836120114	-0.072399929079813	0.026396019609811708	-0.010100863847218679	0.09625353641255484	-0.0463983660857832	0.09743830805860633	-0.05190504598490072	-0.0868715642575152	-0.006144636629832806	-0.012104764057591968	0.004841710842578387	0.01024847349949333	0.03372091227743931	-0.12005065873205348	0.0029454290031684996	0.009692949226982252	-0.09498833547729227	0.10653229338050581	-0.00396434058513356	0.1102601125309087	-0.04193232740937521	-0.01815454130165555	0.0800757849043997	0.1347063123046639	-0.05713413442961501	0.0018479792860418044	-0.06835654760819498	-0.02351047602956634	0.08855112822765315	-0.10805169035591553	-0.01683422682856059
-0.011102193469201948	0.045534407063043486	-0.06238177072962801	-0.08248876843453769	0.055302975897910896	0.12273708345707086	0.007773990060095608	-0.03397202753441368	-0.18127108051865992	0.05988834935209129	0.1546640376493861	-0.04421370160794303	-0.07372555057896725	-0.04646536272240572	-0.13246667320456607	-0.00014420848951220578	-0.021016093453838695	0.07106443062079046	-0.07709805477111359	-0.001674894988614388	-0.012893867759479444	0.005916302858619018	-0.043632807235161254	-0.01522051861199665	0.02467054501342264	0.0780114129490423	-0.00845051592176341	0.03398632243813407	0.036882192994924436	-0.06718222830810178	-0.018176804403242104	0.007713454338890674	-0.03716647919182339	0.017566991542888804	-0.00676606880172563	-0.05111239624066424	-0.025632836444744588	0.022265779652857705	-0.058265630467101905	0.013740308229209453	0.02238039359672564	0.08717348514204609	-0.022065029502123273	-0.043018919812845016	0.037750990297511625	0.11956439367582843	-0.06900939423222205	-0.01092775693861114	-0.05829988088782649	-0.08215393452645721	0.07536974488252007	-0.06790606973096688	-0.04294959023199424
-0.009970668048994864	0.06681887392903088	-0.07217344769172096	-0.045204375742025585	0.018430846110487193	0.09114815756089964	-0.0015128758274996954	0.03261746838039077	-0.12789867004677863	0.014730574268837468	-0.0037252714328296884	-0.059676797342904	0.07778427209993485	0.030994016899041094	-0.17048965828942425	-0.010244130858806046	-0.2232626137682509	-0.02400586188651868	-0.027551896628109956	-0.06639101775935408	0.049344297470453574	0.011221606856949784	0.07704721510826695	-0.009724580917546487	-0.016967686637358953	0.0010096227111323214	-0.07655433156793402	0.021383928954756132	-0.022450777715872297	0.056745313152086974	0.003181573620148394	-0.012679712878650128	0.008893271725157602	0.011990129040434304	-0.07176080858602774	-0.029052683624549075	-0.10679711693349	0.000243104180442405	-0.07758214026239274	-0.1865686545407995	0.09224126487716744	0.07135093221612596	-0.0024826030297553786	-0.05092307876332689	-0.07494947333018105	0.11209994791782947	0.007323132370857905	0.040478230644605255	-0.024383457549678637	-0.07924275611641753	0.0010966255363766726	-0.07387329159375308	-0.054798250509117956
-0.008882249804537112	0.08746555912180326	-0.09211437021489866	0.0002902803794597991	0.01562819295618161	0.03127844847640966	-0.026406198606783424	0.07834889775849742	-0.02265919937964713	0.09433739388453424	-0.05376717940313101	0.02816943273885486	-0.08767646956693527	-0.016796858202064783	-0.10550040478796262	-0.01906502593923174	-0.26356735235903767	0.01662639551103392	0.09143257595954493	-0.11423994311693142	0.13133216971994927	0.09537489903093922	0.17242711974897257	0.020099110520476304	-0.06700663782993055	0.04393348535238429	0.019866863245699515	0.012733985746688013	-0.0474121112047552	0.03086549052782872	0.03860135756442121	-0.009118435150669287	0.01770535688590326	-0.024418607927852047	-0.06219065154468293	0.02717255264589244	-0.13145210013818234	0.055056554646656444	-0.07541586386133924	-0.15688330378391885	0.1175264170285052	0.06563055207232689	0.10406429530800539	-0.12437094614503749	-0.0015666509794686656	-0.053126748635714774	0.0074852615036065245	0.03945301483967927	0.11441423437118323	0.05746015821420196	0.0014562071464963473	-0.057815740593168685	-0.011032006593834891
-0.007468641953607099	0.10425807632642833	-0.07458255009632445	0.026093044243038436	0.022114561626748463	-0.05240017194702716	-0.011224901349373914	0.06385215422143403	-0.041359345682840894	-0.09351375055864032	0.013157934046618186	-0.022149095107707562	-0.10633587406439572	-0.04623155340042186	-0.049651537426654825	0.006158988405157085	-0.12685440378543564	0.13041825342509966	0.06120669554975138	-0.12430182541967084	0.19016773913095592	0.07288756796760831	0.12461206092122126	0.10415114701942368	-0.12348812916500217	0.12409849510687382	0.16528985408671223	-0.02705236229471587	0.11339109281336435	-0.04879969209506699	-0.004030835943144283	-0.05355410023484041	-0.059841927787903634	-0.012705270782173633	0.025012663749355325	0.08681054842622729	-0.0008993835795964578	0.11601782500084627	0.016943927112265667	-0.015362161591287726	0.05313063532928084	0.012946397418217483	0.08987171828435847	-0.19521266487710193	0.1062636540925755	-0.06769077160664395	0.02130840007287882	0.009855270072519661	0.10606078575088165	0.02363272987556148	0.15186360581298625	-0.09899130671497608	0.06354771243407922
-0.005258728049459118	0.09810685619872367	-0.056869288803325486	0.0009402821955854574	0.015387513610317035	-0.09060106340929744	-0.04472027770882009	0.07720710168911142	0.027303630423102628	-0.09671591858933622	-0.08911975635047253	-0.04741702280250067	0.10026059218708337	-0.004399964952702085	-0.18212567248417638	0.03368648776048873	-2.7592837100638267e-05	0.15616850366358123	0.06397352420126973	-0.13908954843978444	0.1096242099960368	-0.0031906860969384693	0.029707055100606818	0.10138644549828463	-0.0016260133575641059	0.05368946596171172	0.15176449137576353	-0.028151666260014096	0.2190851738321104	-0.03748820877826452	0.02977176290842893	0.027084682839484023	-0.05065789222858283	0.007660421440526654	0.13041842478977378	0.07146239091387271	0.1365683437016282	0.09544773007415892	-0.01722079566544009	0.009487464549766775	-0.09887701527429987	-0.01891729872390821	-0.047201349026469164	-0.054547909908588	0.06838851783885985	0.07247545108392581	-0.00566423606260355	0.043278114199490916	-0.06177521149174284	-0.12916470243548417	0.1520894625606542	-0.15512815195021637	-0.026101369036804198
-0.001533896275916333	0.08357882541349156	-0.08130137441396161	0.021052093527645557	0.053408750701632125	-0.03819768853903209	-0.09108251186331416	0.04573688332703209	0.11078600426704108	0.03068416359128561	-0.08366834699801727	0.07785949135936322	-0.0440465062192726	-0.04321845383916065	-0.2181419289893666	-0.0022100546268086253	0.041434119473879746	0.10839343300723689	0.10935777561714499	-0.08160932564305574	-0.004689655767777528	0.07814975355133955	0.01227966699486948	-0.00688032162234677	0.06432785637800224	-0.12275981393426039	0.14911008183885854	0.024537522902520835	0.1320029140592669	-0.039614686966265106	0.05299720148807643	0.04298455200116651	-0.003712904489064462	0.012372699596951793	0.003253550559699679	0.07060817562267308	-0.037210590482399025	0.019108437183951985	-0.05225388106689972	0.022025395811761175	-0.10497573754014662	0.03410146604740559	0.02094264084910365	0.1305539716946571	0.035441956511424004	0.03503578462737628	-0.01453316730651514	0.008633806418077525	-0.1421368349088836	0.01975365342901595	0.05468932001564866	-0.04127638938670133	-0.09440703428727684
0.0003937854581390506	0.09926677445599588	-0.09088504037930073	0.0704473998460391	0.08563798153150745	-0.025014432717598553	-0.040644609287715315	-0.0032574526602575566	0.009145166108993309	-0.10815929806447001	0.0169208641456533	0.0807559916882896	-0.07830629106382518	-0.0438330230994247	-0.1402892419787779	0.019054282969075874	0.13762320864170915	0.058207765878282025	0.12148928105742934	0.02407146707107562	-0.01992287174949006	0.08305317363198762	-0.007322318980484584	0.0019424393870846376	0.002445898638805455	-0.2064077633644178	0.09772299371872888	0.030455493877779863	0.10801082981193928	-0.06285359292841793	0.014116501344651594	-0.10210191522259612	-0.0838421719539139	-0.04594476821520459	-0.10485073472126286	0.0929464679743355	-0.08899211969554338	-0.06035717897139196	-0.007907884006909588	0.026458375846863773	0.09480219157794373	0.08145009947628926	0.06049798598944367	0.15878978021543697	0.10299274640225449	-0.08501296264917702	-0.017165418271754385	0.003356710157187942	-0.11014165851786513	0.03872091175372648	0.0018322556280985294	0.0934288798567463	-0.016543097972789765
0.0062775867199028204	0.12933689017072736	-0.039790269550970835	0.05507254459057088	0.07048898876892577	-0.06036750417299467	0.005570730132336225	0.043002910104085704	-0.03291602945345081	-0.10355349624073958	-0.08232483209200157	0.010489213317971669	0.06162973075125705	0.00215295204512126	-0.10484481364141811	0.07182275080549896	0.22668260201703017	0.06410974108982043	0.049715177277704754	0.02249063376910987	-0.08973622868825648	-0.01653498199532081	-0.03127038013112749	0.04180137208188442	0.004831451141867359	-0.22134121911029542	0.01598546166514435	0.001285177121569319	0.03972531941430674	-0.009351142573812997	-0.03934440382188703	-0.07083313664311401	-0.061289935961751335	0.015925444611365396	-0.1385542635041112	0.034826279048922146	-0.047643357085194536	-0.12621045359392766	0.072943638643909	-0.006780540910686774	0.15713856089850006	0.06398386009267865	-0.017511020564699054	-0.058213389697937774	0.1109495856687261	-0.025478592854000195	-0.0158345046544123	0.0019119494156258077	-0.000130615019369105	-0.13906097408230375	0.014625794131243881	0.12168881259693204	0.03152693271754349
0.008762915873446606	0.12791278849166754	0.025031673788179127	-0.020966318664596834	0.047675312787155665	0.019600496025004063	-0.04185888558342776	0.12091836941801308	0.056984293568463684	0.02543416915703906	-0.13079491015182027	-0.0005653955889188794	-0.07041757351778212	-0.03493597690378557	-0.04250403715116009	0.04578548182210079	0.21512557746273234	0.029126754192385806	-0.09668232869238542	-0.06149244259028476	-0.18017726020439037	-0.11652832049875594	0.08921574321964128	-0.07771875630258798	0.039428203028007563	-0.12860610182627	0.04738413061477255	-0.021845300623676754	-0.05060468325450439	0.031001348799796567	-0.09275040718132761	0.061579337273586165	0.10376338265776427	0.08434272545994137	-0.07376487008935008	0.007072547196729763	-0.016214082032399428	-0.029935772593237042	0.16621671533994514	-0.06597804434134083	0.03395646589362177	-0.0502648873042257	-0.013039891250544427	-0.1815181235776892	-0.0019902665028997957	0.015979670163132138	-0.023249669326142433	-0.02801907037380521	0.02390286951424147	-0.18989966567364852	0.028841914920497015	0.10388563433612648	0.03643520759452705
0.020121065551014197	0.10157841268943767	0.08633330898218002	-0.10859068785591924	0.07376682995560804	0.08697005326498572	-0.07376375731277647	0.10056775020789337	0.03657902204190488	-0.025639558612286673	0.02231403948206745	-0.054218748810506305	-0.1123450394181164	-0.03360365397844441	0.03528597627773337	0.014654290882858086	0.11524460444892269	-0.09604681571830884	-0.08787514552973859	-0.1298454086483439	-0.1590206649350666	-0.19181121026628856	0.1512383284119942	-0.10659748450807843	-0.07011162574232925	-0.008077361160257143	0.069401054268205	0.018076503957353527	-0.03759301913299003	0.07416330812849306	-0.12639088099668058	0.02340135083371607	0.11930157253684878	0.030274776509598953	-0.030134610149035696	-0.030336314703560185	0.02566803481154405	0.0800570305273178	0.14407566300432967	-0.15223285099805353	-0.0020838506663063572	-0.05403061836114767	0.024529673063658698	-0.11490933259089617	-0.01821033603725489	-0.0523513872430728	0.0071809706506320015	-0.00459047909056496	-0.05420354699440972	-0.01917770705950178	0.0013666824067643732	0.10287603402651768	0.007372786464209559
0.024393849771795578	0.09206197760515919	0.12704932631281896	-0.14519552620759674	0.09866639460907731	0.0694659825060781	-0.06492344610004215	0.045910494263393546	-0.0252603934017087	-0.02054114118375377	0.017930099792418795	-0.09749493891721002	0.08182217342475288	-0.005788297034410922	0.008208810146865156	0.0286995190858848	0.07556771267535467	-0.12317053318884542	0.0632607549418396	-0.08295624296303042	-0.024648236151395442	-0.14398393458079728	0.03315563957010984	-0.07034306979413615	-0.02721061400523824	-0.025626762891490518	-0.0010065487364713799	0.04181861324476406	0.028599310118922916	0.10882349053917781	0.018902359118237143	-0.009891403116749464	0.005990473810413315	0.029159972234010068	0.06613897618866518	-0.01628491463125714	0.05541248927250969	0.15344332961554047	-0.01587396322840641	-0.1307502219701633	-0.002450220209486212	0.011112110892714216	-0.017349775946190988	0.0017955036178560757	0.007325129913592715	-0.017494933724721672	0.011613281067037767	0.04844806429046074	-0.000279501473156616	0.14724749503484863	-0.052435786661326034	0.046879768496422655	-0.05678465983146162
0.026547782612174546	0.08077900522561525	0.12451465655057242	-0.14813563135437516	0.11061258434693634	0.03984443771218515	-0.05105077690269808	0.005187142314235256	0.009145900091211382	0.11482793059384268	-0.01328250303597761	-0.009909798018096907	0.0014308279697114277	-0.00062223904402035	0.0229624098285636	-0.033459057120378805	0.0836625961066741	-0.0004453429895390007	0.18830922026269517	-0.045624291010272024	0.022257986488330703	0.0026002984014045303	-0.05416552570225058	-0.05116837208255131	0.10167004743043245	-0.06730710559336521	0.0024152375061474163	0.014577298756621568	0.03938408570287637	0.07749619058373251	0.09236213963012034	0.02782555453528763	-0.06382732835344804	0.08113556790981243	0.05177974863006219	-0.010734168335082225	-0.025472712070806546	0.07343575583638902	-0.039388913827310024	-0.040051646445599234	-0.09454591953940562	0.0266501348114944	-0.009458472672216701	-0.031300919215726704	-0.030615916915315275	0.07932226248810166	-0.007510935378158539	0.014244372230083617	0.08776170151646366	0.1415337821453914	-0.010273639760163877	-0.026461050334862818	-0.1095711401914812
0.02903580593988322	0.09622296498222829	0.12532581165621018	-0.10161024771962297	0.11942943077407348	0.018237941630938462	-0.039005846440968356	-0.040507060254748255	-0.040590334561912425	-0.03642166811480602	0.04023881181956438	-0.013352809847539664	-0.054802018834406566	0.028797962341938894	0.12099317794035257	-0.07557777609497601	0.04761252347555802	0.011573601107574577	0.14959081602143168	0.01938659584182025	-0.00604429646459213	0.07582351637984963	-0.013348605424182328	-0.0745053956988228	0.10897536509236647	-0.0649933915470031	0.0468032865631596	0.037291467532298825	0.021892004019543516	0.0701946196575304	0.0233075506945492	-0.03902483060831015	-0.06675051034705348	0.05558830203357638	-0.00872558994894413	0.04128523350462091	-0.07470204747305939	0.04285599078086739	-0.005909267582404634	-0.016815776822498442	-0.020538780308799028	0.033043776817995904	-0.03302474428488892	-0.12631157725885142	-0.0505007975950752	0.07851107792697269	0.0125355450335813	0.002173073418712354	-0.015422115645912556	0.14497398067798617	0.04767251811652868	-0.12334788920290923	-0.0817339602165331
0.02767607998678687	0.13252950130873015	0.12068631188937713	-0.029272342918750457	0.11548611328552558	-0.0372636372366197	-0.02424119153176361	-0.034116104577897134	-0.09140964360670846	-0.03270505434656364	-0.03732942798425538	-0.005594637012509211	0.10256030598477617	0.1376085823600332	0.1343274257443152	-0.03994867068545531	0.04325064031633998	-0.1127595121637997	0.10874260452531122	0.11998879829757336	-0.001313808307755352	0.06171089874292704	0.026293322167827607	0.00221201427907676	0.025219869984273377	-0.08863197330387637	-0.013532313195507182	0.06840058500883514	-0.10014581461963591	0.06829543084884117	-0.017280933024077367	-0.09183773380454008	-0.08507861162768073	-0.01971257214846671	-0.08589393890895465	-0.0036021277949450613	-0.031205807864005706	-0.010569554997428031	-0.04286835789071576	0.00013307757719755592	0.02811106819407375	0.12171957206490877	-0.04839177034460153	-0.13679518780750935	0.005109180870684724	0.005703335189373045	0.04085264008317552	0.06416851108051305	-0.013163684495484537	0.04704176531991535	-0.012384976971854172	-0.16266073732563133	-0.08285528398880522
0.027884042419588268	0.1319441429424996	0.0997877436301808	-0.0328161339602272	0.10882424453073376	-0.05272189043284968	0.0046058772490477195	-0.0165631686650887	-0.08787486147285985	0.11123202525471391	-0.03453908134150229	0.05571487766552179	-0.03956033328567042	0.14147695500747234	0.1599389481385196	-0.05875700595600185	0.05857274665066916	-0.08915737925287391	0.08864865147741695	0.06844301919928027	-0.01577205833707527	0.033461502843883835	-0.01822624718267684	0.05399111366044629	0.0004090152386167084	-0.0390097086226978	-0.0456734567914374	0.03514030989675557	-0.14780236673464536	0.017356401744670888	0.0637043939094793	-0.10184781317844552	-0.11023231486976173	0.002323163995652633	-0.11301082358321174	-0.07102483941765142	0.09625260824752674	-0.04981497340145595	-0.08056204869462599	0.008118019432979396	0.016921948272519367	0.06848020904044835	0.02078414785024614	-0.028112754534281956	0.1336392008394057	-0.0722955126258432	0.006758991122223543	0.049229363793481216	0.11839889816028537	-0.17994069368755244	-0.03545239260234356	-0.0877640110763504	-0.05606332375194149
0.03045048715478838	0.11029570515627407	0.10609321023473282	-0.08657993923022428	0.08193239993387026	-0.019964867474712298	0.019129968423708683	0.016346766013200183	-0.1273904724839898	-0.04695147908432949	0.00886406186380822	-0.06836557535637261	-0.1070506118308296	0.07546167810615764	0.13269181066071123	-0.07340643281036448	0.05012004971365871	0.02540425836974554	0.11021798190346911	-0.004942807736433595	-0.005642922784479851	-0.0514392825927196	-0.05577658015108643	0.045077878941786	0.08965473006936664	0.003028586788396218	-0.009598989045864936	-0.01119953836937488	-0.003974617012812608	-0.021108726925323368	0.12640720234083838	-0.10228799438280338	-0.03395734670850226	-0.009681170656994854	0.0014731633298089956	-0.060728891760479624	0.1453094797278409	-0.009992646269338018	-0.03501733146133239	0.02384077278515746	0.00784396576313542	-0.02590258818326538	0.03837646003660032	0.12338105012959033	0.15573155291526958	-0.0774305328481246	-0.056790073271417885	-0.04942118854348456	0.07582959464245184	-0.24754319593155072	-0.04324932888514446	0.03517921940595495	0.015821578659518255
0.03074120919407239	0.08893343293700831	0.12611596081574541	-0.15623487505512829	0.03884921911261258	0.03995140095835798	0.012473426313381133	0.0705392578930046	-0.04967313853870143	-9.950522942447847e-05	-0.08514862234281097	-0.15281588091218126	0.04741442557933793	0.02496732036544547	0.030586170735919436	-0.030794366300993428	0.03630081905780134	0.04724136035064516	0.15139829626375742	-0.05216890591785992	0.0287476215430489	-0.12073661850092635	-0.03704173464337995	0.04928919846970293	0.1182131384862823	0.04768984817546409	-0.0071566806781746106	-0.10191126490832135	0.06915986919006402	-0.05640432783218348	0.1006803841031079	0.043436306978702446	0.048191257994182	0.041503009910273975	0.06602159416109665	-0.02629735144966109	-0.019646867941859377	0.05621965253038799	0.08960991380263308	0.08932246263274807	0.05226927051178466	-0.038719461627728206	0.02577465972077045	0.19405954600214098	0.02320864586210157	-0.022979682414264544	-0.10582790093422076	-0.11205605204905604	-0.06340750953484704	-0.06330752673737094	-0.10148363349018545	0.026961841122286383	0.03398238067502579
0.02807718642668019	0.07161527266747554	0.10364014582481003	-0.17206898390912995	0.041062460142186515	0.05858598688207739	0.05308867443431435	0.02646376493246769	0.0031139403232230607	0.08843757919665766	0.0073728889308402705	-0.022330423754497977	-0.10757631350799647	0.029409152288867105	0.038872204022839654	0.009287661008204358	0.022504978452126796	-0.06287869121112882	0.08821111876385411	-0.020721045224193865	0.03835492418844296	-0.00029815833254304147	-0.043621250541417494	0.061330849785093636	0.04115554810778005	0.03126507462324588	-0.024896497399520167	-0.19367271600352684	-0.013897097397346528	-0.1265741095199176	-0.01998679485423023	0.08438796753787216	0.011304373900653133	0.1492179994041564	-0.10673735827379346	-0.04133036986191077	-0.17959061638583032	0.06146607199923905	0.1321424501184067	0.20208913526015443	0.05322868511742865	-0.013422833147901622	0.008594855976838997	0.049754539076326904	-0.04813424655865551	0.038839904045380465	-0.02412392061896454	-0.06681278674887092	-0.10040775179844032	0.1029872321116432	-0.1440449533169542	-0.06889880941940228	0.16176325682118003
0.02846506068866966	0.07806701838206878	0.07324184454275577	-0.12947120418819902	0.06268160185536273	0.03248624573450008	0.029285527211373646	0.02468746275080909	0.040444873789687454	-0.06296900406812711	0.098160842665777	-0.005280304674115908	-0.10079546765627105	0.06857359431738883	0.0308221324375954	0.12662003935156407	-0.061966153981495346	-0.12979531379489267	-0.00013814080581932807	-0.03864592872584264	-0.016345563174958798	0.11489979828941373	0.02179233357760431	0.1451056647676668	0.013025165457805115	0.04377123608162009	-0.08378675268345984	-0.1545568659808564	-0.08389501830896028	-0.07313157515592343	-0.004127306781562201	-0.0022187384176947447	0.010068554869019239	0.10873375940457589	-0.12929532791551965	-0.07482495583917473	-0.12743416135017716	0.0749214667647839	0.06409185720787522	0.11130554693303331	0.08088989322893504	-0.029730739777766982	-0.08421927768303053	0.005368847590880322	-0.0688220064339929	0.059941001840272595	0.04255854829021118	0.10665627622407006	-0.04585507286180907	0.009520926075117897	-0.03379638906412448	-0.01502768819225684	0.14927455533348866
0.029449586356977454	0.08423590241506085	0.03679529808250753	-0.07703456781905174	0.09066413306683854	0.029734687630648706	-0.08911113069164535	0.07204049761289161	0.11061333968367536	-0.033308428187566755	-0.00032642204215464624	0.018650685570218987	0.06319875016247066	0.12891728219562523	0.06108302367347607	0.16566365387280918	-0.14176592820131637	-0.09279878944022109	-0.025777162580539754	-0.17782740295927202	-0.09299852513353243	0.11518587212469947	0.07923518286200698	0.2140823163124963	-0.038936009111522174	0.09638700369471313	-0.031633579609415895	0.037760914532890766	0.007110772806168002	-0.014603280052724522	0.0831855251288057	-0.021874611109164346	0.04313715954437076	-0.037609116082404234	-0.026218920669524103	-0.05980339358802706	-0.023687280215104287	-0.04322955784281437	0.015999760930094305	-0.08346911701917774	-0.04758090293396393	-0.04271749233899931	-0.05214955735544591	0.16331729363993336	-0.14025048118745387	0.05442563000471898	0.030307289474645324	0.09522512314141035	-0.04046448855465967	-0.14345512838537225	0.09508037906167013	0.02737189214778022	0.01891880687930212
0.02886967582076671	0.0826980195694124	-0.011835831209164108	-0.03760797713340737	0.14725232080653788	0.011963294517967531	-0.11469123677063224	0.03342246270852461	0.06356284733668126	0.02172065652693119	0.03512340847592366	0.08430766598857718	-0.03332605848283303	0.1337614335637772	0.14378362166895295	0.1324293170262653	-0.06778977597094062	-0.04413278450629979	0.017127568723469672	-0.19232302543769386	-0.10859981064421283	0.13308059986303805	0.01914552161176611	0.15470476153333182	-0.07433137065960385	0.016824518523105677	0.04410681497538718	0.14633410280032869	0.09698165232173588	0.051668669545883346	0.022734800633245206	-0.06483381698162474	0.047843139511768905	-0.029931000255236387	0.024314297604837647	0.019891950977161926	-0.008957748745233349	-0.19412763686810453	-0.01192976971258606	-0.05582268224577695	-0.08003051063518352	-0.06822381360861177	0.02830559579326135	0.10119231694569941	-0.14654919184051246	-0.009121798936283926	0.08282212352559294	-0.12080287883588109	-0.037965735462354676	-0.01659460789529372	0.10494909545644691	0.0504583619865762	0.03319585807606085
0.0317083530448968	0.07018804303414307	-0.028025568199105615	-0.0393490675929431	0.15257633271750143	-0.0152064546718318	-0.10736702511735802	0.014040043176291183	-0.032324534360989025	-0.10366117574105971	0.03144911437921975	-0.02572068821598709	-0.05511834103111944	0.04953090624072974	0.05712282702541376	0.08347294248459247	0.06382334445017389	0.06358768308515785	-0.01924611500097317	-0.14840439061884947	-0.04212314961702239	0.18646692395179065	-0.08879049325160562	0.02979228836907611	0.035589484682384154	0.044339420707790116	-0.027126559459924315	0.024632950513944547	0.06182848727959119	0.058441430695285734	-0.013063370963682604	-0.0410512790416694	0.08594567775219139	-0.05898217718990904	0.05105957592667989	0.04946496718124527	0.042010783682712285	-0.10076796970368908	-0.05732352058159029	-0.02709320107942314	0.08245304557365842	-0.2040662802581728	-0.057956878840816364	-0.13201622998267068	-0.0062863986608183015	-0.07899260361954075	0.08693809888232731	-0.10044326608869822	0.0370262468610389	0.1336741716265025	0.07086871387328393	0.09839137419421756	0.09221550778812002
0.03883879903574891	0.031460310874760346	-0.023286089445116065	-0.0989306791083157	0.004230128639912099	0.0542025635104708	-0.17338696988312535	0.04577797979170096	0.006759798510274895	-0.10554750907841255	-0.17108104854718004	-0.1390549074520676	0.09978266404380896	-0.06976937472613899	-0.00948570101619565	0.036197545515337846	0.09790706351269449	0.15033740767423664	-0.06782900413128633	-0.11301608990929397	-0.05939748659013279	0.14713963123875276	-0.18446045537599653	0.05677184636528754	0.05503825277797633	0.16696681581882805	-0.08739659171335734	-0.08649230235792686	-0.047484751108497925	0.014704557841899515	-0.040553412395310226	0.10339207923861068	0.05387799162929982	-0.09232352770464947	-0.06226610339700376	-0.06112919658353949	0.02570785706255771	-0.008863842098843245	-0.1578764884375365	-0.02765056065303395	-0.0017251441318693328	-0.13847504663042953	-0.023270096914675926	-0.05631452004906363	0.13413215397865716	-0.06390902255262979	-0.024652590988571102	0.0951309425045839	0.14740427744142293	0.10600308278008129	-0.121545181071836	0.010352592810659315	-0.024399267872586755
0.05142981805733572	-0.003910772011870452	-0.06850799657664768	-0.14345249764144596	-0.10556972853643938	0.061334579732526484	-0.19698589569266922	0.1772822661154739	0.15507182650419077	-0.019536565369881995	-0.061232460157870636	0.040437520305647304	0.005352965262709564	-0.10380309447085515	0.1414068583032038	0.02643878430608041	-0.10506314282183804	0.11394647701535043	-0.009135321240716532	0.11101024009825854	-0.08627110272496682	0.043585853089229215	-0.17272507958860137	-0.009567470064998682	-0.15617147572558854	0.013184423162414107	-0.019750087625816294	-0.11148647706663734	-0.0059128202583180675	0.06328550926855409	-0.1767095094885724	0.13259667705439196	0.032771527193587266	0.050055440160987244	-0.16259534562817315	-0.1514652018921888	-0.0990889125146933	-0.012965475506906646	-0.17200048064086715	-0.022394400753538712	-0.183873097399968	0.15466525122224942	0.1643361640317757	0.033952095679503136	0.1925006697903168	-0.039388618083897924	-0.06743503293316261	-0.05406612726486969	0.14237490097588412	0.020307671803755777	-0.11006000893309409	-0.14210798690157275	-0.06977499700584168
0.058434705822430426	-0.014197744757018061	-0.07864853057593232	-0.1014138811369231	0.016187332095137598	-0.05238146526869887	-0.17911971726887985	0.12673470650855342	0.14752238138497983	-0.13399469501994715	0.0732683161595735	0.06597264935877954	0.05233700935086405	-0.030424453374760393	0.12180850236860453	0.031034653349511873	-0.17640503075122013	0.06202978035584559	0.07351001439799977	0.22870346002533276	0.07572846951690072	-0.09775632193857434	-0.04560953806116897	-0.0655588093206638	-0.17267830039946855	-0.065505220034968	-0.012510963756091217	-0.04747546839899454	0.08973856239306312	-0.1246567507727836	-0.22115868635741942	-0.04652279542469666	0.06873796025137277	0.06974017969539333	-0.0776065910299067	-0.07540900865066806	0.060385538075403186	0.008054517516699902	-0.06378654609948087	-0.05571496831008925	0.01736875716012784	0.06735313122384162	-0.043018645379882425	0.007327015331064003	0.04784059262363264	-0.0842076326408013	-0.026410759452874324	-0.1977897703637872	-0.11655302606489742	-0.0784825537621264	0.07295433414110894	0.050601001447707024	0.1146078244547044
0.05990558062534926	-0.0059867356823400195	-0.07850062152695826	-0.06638745634804483	0.1332629567851412	-0.11100475639946879	-0.1561883238416022	0.031085666383476464	0.00010281552145718366	-0.014924461546791678	-0.04758756185116021	0.09346705483349041	0.20431204517798582	0.05994211594448475	0.004601085015131015	0.023638148182376403	-0.08772958733602627	0.08280808640817858	0.06744874114720363	0.2384648009497573	0.1593509956473651	-0.04503599775149849	-0.02895878627759968	-0.11484216995329556	-0.11789350861978858	-0.04388890658697614	-0.05859553462779687	0.018262764998947453	-0.09935035817801303	-0.12967870771857662	-0.09221896429197282	-0.027179115438564144	0.13181255660975785	0.04956910989491459	-0.08326291479971339	0.02651642700930147	0.10988212555961498	0.03757840317172778	0.07490986082506093	-0.07235268833565778	-0.045212751695020814	-0.12004635620248236	-0.10584844665733749	-0.0470057530478385	-0.09102320681701451	0.001455536307166938	-0.05482728120926488	-0.03707371806641742	-0.16447864998201883	0.011158561993505647	0.07396047626378316	0.07850506512607694	-0.03271869195971718
0.06453643858346998	-0.013610890180164419	-0.08637249483559736	-0.04830347604842948	0.14119032926551014	-0.12474428663487441	-0.1423162800074207	-0.043633759290399275	-0.06388039905839785	0.07280647151984182	-0.12752995095918124	0.09202806317478751	-0.03320451904217499	0.024327213378261173	-0.013453778038363753	-0.06165668145548211	-0.05760301260547	0.08431803226640411	-0.04564811528380235	0.15726092806337738	0.044313184366886596	0.05714238539223313	-0.06179115603694149	-0.11478759457514706	-0.0468518795435975	0.01731680968507849	-0.05069543115416939	0.026447180344376542	-0.17633722121928763	-0.05380250773520089	0.10130060824968906	0.09896960456333448	0.007610310129976142	0.03915177717919597	-0.09282182232388567	0.035178265049949135	0.050837064742572276	0.02885507666234996	0.11853272968683733	-0.04732491446809514	-0.02480327658508953	-0.12620719112748544	0.03171212418613006	0.013065395422843289	-0.11736265505229516	0.03590134438791098	-0.04439088380840024	0.021064442776189546	0.025054896158704126	0.019445739482188418	0.06487845758341859	-0.03095630637431509	-0.13724530376568272
0.06500602896713249	-0.03815209088142727	-0.09418416417871486	-0.09754680906660272	0.053603377872889844	-0.07895544614541868	-0.10755143355670532	-0.10563067239588557	-0.11238519210149864	-0.08604481616778353	-0.12152789682481725	-0.004646443659317913	-0.18576788435888952	-0.060423163027473865	-0.008625450874063832	-0.02434585594199748	-0.022491606407718655	0.009564894184407851	-0.02633841015996604	0.056416567452667495	0.004972653866547019	-0.022047312683433434	-0.0738558685090492	-0.016464894003239146	0.046403939297649355	0.02200230091368126	-0.10131919689947072	-0.05560244651021768	-0.08134945533043192	0.013500906539681737	0.07962699188530281	0.07534498151657143	-0.08529456983681875	-0.1328662817744583	0.030342243478439446	-0.030204356330888072	0.0718287557199911	0.005500620407500614	0.11431277709456236	-0.015345138180678612	-0.048905465463532756	-0.08371895032345672	-0.024476301401251593	0.06758601710561796	-0.1346190730145013	-0.022928941046137602	-0.03928652611368534	0.032367287490292475	0.044638271235017755	-0.014473889084176263	0.054487745010215985	-0.05106505485765185	-0.014794557183931379
0.06491812715591387	-0.026252066548753075	-0.10483533857938798	-0.12596802171939	-0.053681400536712075	-0.043692374759812844	-0.04566966485613269	-0.038090802398874635	-0.13265861613260257	-0.09390135997934092	-0.12740447003154332	-0.11240986919790522	-0.03558472179868635	-0.053147670972722674	-0.02774503712643611	0.14854579288948067	0.004195572882648361	-0.03943797381739412	0.07835016855069228	0.10555788444452352	-0.016956053492033947	-0.0625530957603688	0.02471288743595588	-0.032761336123278584	0.005962746105389178	-0.03690391039566262	0.023969789017427284	-0.03161999388260347	-0.04732715219334616	0.16924381725324233	-0.0603266497770901	0.15027313627398375	-0.14532994093978932	-0.25796275236518895	0.12253365736544844	-0.09115573709268082	0.027801307496283817	0.005523635544455785	0.13755097630193414	0.09224331948442023	-0.02849180817739282	-0.008551303969230813	-0.10258755990876234	-0.0017818767874055834	-0.02850196307832171	-0.029604512890277237	-0.03992752454073988	0.09688553439453751	-0.13329940181561878	0.04183296818814439	0.07136660749296313	-0.012536738718588868	0.0294844171072213
0.06754383262636802	-0.005879752326943094	-0.0966371924353992	-0.10191070296113726	-0.04824118855165089	-0.08438377300313976	-0.02543977033034444	0.047995819036575404	-0.04761604615584257	0.1166766781321699	-0.08080413616568112	-0.04614295355075538	0.010174106117980667	0.04548930340490953	0.009800015810948356	0.16006543620620037	-0.0636349713130836	-0.09975136553144928	-0.01779164589135693	0.13872918666113263	0.05228688283149553	-0.010249221772568345	-0.0068051068359328	0.009968328858487047	-0.03015685251609654	0.009950450331544337	0.10226836118842686	0.08708744006358576	0.05168969635041093	0.30822742781842527	-0.06016137968813241	0.1598753447308851	-0.23155057748441965	-0.1233248517793255	0.016903184256845828	-0.08391162806282718	-0.008467766792924887	0.02786578832333337	0.07323199388541136	0.1354748307211785	0.04722147773489645	0.0017927792763055561	0.10590293226076211	0.04092912961184843	0.046867480038804935	-0.027085313426287325	-0.004467332003643937	0.08014003948541487	-0.1688178810757787	-0.006083878979444327	0.0581413099429747	0.10909078913019331	0.11097227978506358
0.07044609372061356	-0.03441559972892015	-0.0949577482012198	-0.11531496508855064	-0.0019944101445577168	-0.161791820176845	-0.048970236583625135	0.014009045820865101	-0.013018344792756388	0.10623721328484098	0.05807325888299795	0.1134885698883844	-0.08003870946044161	0.012500183478864025	0.04999827959713802	0.0029743032361244266	-0.014468023448733236	-0.07534832805922385	-0.00403753138776583	0.02550632150823623	0.14962116620234728	-0.04718066898713785	-0.008557080858832325	0.01669064811068033	-0.04063517218002204	0.06220121184155173	-0.03595263955739271	0.05394939097158334	0.021543147150306582	0.17040959598099012	0.10724794096722925	0.08331340069067666	-0.08447487027619394	0.030344198189962097	0.05336844183600927	0.07766046906211298	-0.045856927418311086	0.028455723402350502	-0.05683992541631775	0.06202662795818546	0.05302260594384381	-0.0881725697864318	0.20460326598845044	-0.04731243325328256	0.01251563927855599	-0.05021704036928432	0.11877135648109918	0.04036688812173894	0.01086886236993919	-0.059450693465578505	-0.08125764332800914	0.11622695206105815	0.07567661913864064
0.07486215414040856	-0.06325244117152876	-0.08971563022373771	-0.12331748459393883	0.041541225246129895	-0.1992657847243448	-0.0037220671161017544	-0.007073657365574318	-0.025225378693825632	-0.0680710382814519	0.1315627790148428	0.11524172515754005	-0.044523906021586526	-0.052564788045184566	0.019723586451927507	-0.03703914078413088	0.06835047871166922	-0.059933968315653466	-0.014197205533034454	0.0446145845493028	0.019169344293137738	-0.004101139346594625	-0.04187575996514256	-0.05973811979047261	0.002171374483540281	0.06200343820437534	-0.09010079730571868	-0.1298126537455857	0.04655634744146253	-0.001562619557706403	0.10147276031781548	-0.10082991283268106	0.05834170136202617	-0.06539785028715761	0.08797731978269399	0.06829095253849798	-0.10649419113873368	0.0905896886278871	-0.10775787767802619	0.009127169237254582	0.021634493365820493	-0.004999448803424867	0.1606842152397604	-0.10378893961328636	-0.09544207871440874	-0.03435912280132744	0.13600522031197293	-0.035622744870138404	0.08692046753443497	-0.06367920349835561	-0.05286194970597191	0.05337217459888246	0.04540727266489987
0.08196825733446175	-0.06868170066397507	-0.07378993854928967	-0.11224875573258189	0.06633949778317269	-0.17735521147018993	0.0177404864519975	-0.05680948195459579	0.0019446889917864134	-0.1087514066007291	-0.0359695368409016	-0.031288412654531764	0.08389789662636712	-0.026323608497161304	-0.056808350431120036	0.007818991724565422	0.11388622406335852	-0.14920613199357782	-0.05437800017865205	0.08317998277356176	-0.033896208419768196	0.07403310826323273	-0.08776538483972776	-0.08294320179089992	0.0638393837584683	0.002426592357060456	-0.07708544366271138	-0.047584591769626684	0.1139551656855909	-0.10354110987931615	0.09516470227384614	-0.14131049938397997	0.03852695394082315	-0.18565483909456829	0.057221565195656354	-0.022864596563082856	-0.06331827081661313	0.0016050380319996282	-0.09986148556753426	-0.05950306850021549	0.03961352868758111	0.07682778603374099	0.12898477971509664	-0.06493976782348804	-0.15866601318369994	0.04055048926444463	0.08060193428267043	-0.1428446528698057	0.027403859982704785	-0.004512789837029983	0.011564256321770938	-0.11749368531927085	0.016419540876418292
0.08533272096406264	-0.06890265429887384	-0.06530169641171815	-0.10244543270170196	-0.03682160956369145	-0.13575088252586298	-0.041414113172311307	-0.10317538359418044	0.08437715409397463	0.0676079901964291	-0.18253165111447753	-0.05941450555396693	-0.0510745812832532	-0.05319244587307244	0.005786421188100806	-0.016578035854044847	0.13373822514564496	-0.10908759388137479	-0.08066721674855211	0.015292492732321764	0.03770909984324764	-0.022531613519263905	-0.06928905696687634	0.08727055936954059	0.019218131727453514	0.03158476333139611	-0.009058114492408863	0.1055268432550047	0.11285544009504005	-0.16337029769761321	0.05241260925599396	-0.045214398765213736	-0.09376855195654374	-0.1412469374145446	0.047830328099504445	-0.016829970175971404	-0.0591211915297027	-0.05671273674462686	0.05985616792683415	-0.1308625254602105	0.007589744912382794	-0.002008313562220365	-0.06766960126711853	-0.01114410758545636	-0.00346486731745968	0.119447580573954	0.02427152337086716	-0.16403897602902398	0.11087796984647232	-0.05153198437722889	-0.05831604444397492	-0.11121423255633317	-0.03608400475185842
0.08714100465049646	-0.05860611972257133	-0.0748220580334225	-0.08312534191099719	-0.12238527871756329	-0.14844675598841478	-0.03176994791464545	-0.09572648017611642	-0.02717605637432991	0.025991462436375963	-0.04944286384029732	0.05565199441728118	-0.12614611698341638	-0.041752222384782316	0.04549157010988292	0.044731450541539305	0.10015866271989073	0.035569499818940586	-0.0051537766048330375	0.017548843960780568	0.05374601235831626	-0.051147548064745585	0.10933935264066527	0.16848466514279026	-0.012132029644113286	0.028739086972812508	0.1508494590610433	0.14305041973471655	-0.012953879936654792	-0.02871763424851219	-0.048950188653551004	-0.04174629150095599	-0.015561271809290294	-0.0035902754912584475	0.06362411696882167	0.01921087494194828	-0.06264312381658357	0.018526281669067945	0.1243832072459834	-0.07607848279793067	-0.10384010205233808	0.03621687421592182	-0.1987990983242256	0.011722336065942996	0.11585373907739195	0.046036135732292593	0.019270053410023396	0.010363967813215809	0.11520426780841739	0.005483334871101829	-0.23541916232953636	-0.01688903532682152	-0.05792006842393624
0.09123885624498189	-0.05738078527808819	-0.0867623856626665	-0.07067640324893525	-0.11400402279174802	-0.1530319714585013	0.04609368052262882	-0.08334160379978693	-0.17056591466014656	-0.10407468211493762	0.04290277689996528	0.0809183006621655	-0.020468216394760933	-0.04457480316830186	-0.02083736812989505	0.06232987201907801	0.020337246795596006	0.023565039407893028	0.0204125375708491	0.061386617933516366	-0.048518253135349285	0.06754513072232966	0.057928246221115406	0.10075695556082201	0.0649063516530362	0.07721217720077883	0.13353603047875728	0.05014326717969797	-0.06134318523370354	0.10440084038700484	-0.13946752358075995	-0.20827891854602149	0.18327282519455337	0.1429904227117606	-0.03896514639834579	0.023032888585661857	-0.05122278737939274	0.1267881069058315	0.08491131647468081	0.020517401676884546	-0.036941656029951656	0.06013012835610509	-0.10122116207787203	0.10921354035671488	0.037330821243881915	-0.062231272531335605	-0.04686140112445106	0.151358976861044	0.1041756639696445	0.008726831924157054	-0.09896994653697691	-0.025292407987409976	0.03798467198097767
0.09291110822193874	-0.0558795030745876	-0.0716346642798795	-0.09747206247692952	-0.10059117472998949	-0.12910216727914084	0.058909799642783804	-0.021473840294466206	-0.12988315119017502	0.047504059918482215	-0.09378887629008394	0.04490701103296011	0.12422421039014934	-0.041446274565746885	-0.10556947539267537	-0.01673654728372425	-0.0219978540149355	-0.060382825493552755	-0.017717005223828346	-0.024849216638642903	-0.12761597130751304	0.07718179633464103	0.01867557774264516	0.025257160583011383	0.055369869451653564	0.09557480107931753	-0.04959464707720379	0.05795402433139286	0.007523646459277791	0.021612896419164848	-0.07814774401228348	-0.11558194100084278	0.06676501077114413	0.2589151308113975	0.01078138010248851	0.06631262883299571	-0.07039389339613222	-0.014191754952166435	0.0914998006068651	-0.0357467252082271	-0.011802188731901683	-0.01641547130988287	0.02020534235903476	0.03414275770897289	-0.012052590695202606	0.030334502187852774	-0.1581785862273367	0.11834469586443043	0.02972018576632027	-0.10371474561193189	0.06531059471750843	-0.0567180920404442	0.07570546060559902
0.09762182468596212	-0.06463718936489506	-0.046555005757856066	-0.13611542294239104	-0.1011461723271983	-0.10524540358097097	0.053712692755430475	0.03850481618321575	-0.06756612239037314	0.08036054153463959	-0.06565996098353777	0.029453702340448626	-0.06137193977378543	-0.044198689279352464	-0.021177020071397587	-0.09404341360919533	-0.017773787179063433	-0.01669011093686393	-0.08161396925011416	-0.07098813527468174	-0.09486246199212318	0.04245112691192282	0.018848116315377018	-0.009882720607978533	-0.03273060885061621	0.03088898033849124	-0.110306671932219	0.0989149916992825	0.11307011612708905	0.01986082671403875	-0.034485483168955486	0.028076562663507283	-0.03429945568546451	0.2346082354800588	0.06978842111669901	0.08676235541143959	-0.003848629637390244	-0.1520754033801973	0.021694756132527873	0.003927664303725167	-0.06489907000293609	0.01830868554268577	-0.0286153242776894	-0.0813252677544129	0.0014854616824589752	0.09357325790713239	-0.08866480913967371	0.023802460804539693	-0.06163761764513608	-0.06265923793530855	0.019371304918630795	0.06970597229844427	0.010569893412021455
0.10447355742034195	-0.0780810026581229	-0.0013960466019597776	-0.1321179248221256	-0.11645029655300392	-0.11767337256959193	0.0837432017026438	0.052786561217710325	-0.030392879309343004	-0.07606728696037585	0.044143994290580316	-0.025665310474762178	-0.11164852921920936	-0.022311812712018642	0.027397270272411324	-0.0907085069177055	0.02884810786849874	-0.032177810185139925	-0.05482420631317123	-0.05239302332357796	-0.05864446527685195	-0.0009676989494094134	0.03663289708501279	0.007651013398812197	-0.06550572255390986	-0.04379453360502372	-0.08151736385839387	0.025116766024595893	0.045713110288043625	0.0684063139687614	-0.06453858728744745	-0.015306767164934136	0.15342897360203414	-0.02371797588001065	0.03881312008201688	0.03410881949697002	0.03629838296185268	-0.07629075105446648	-0.1593763622488721	0.12837561845789772	0.031401325735478255	0.06953048596117432	-0.13609261157413324	-0.06611801721837472	-0.032645017490849144	0.023220289980675685	-0.0023618932922314616	-0.020993552401095024	-0.10535908880281888	0.023290216080663638	0.05233641619201426	0.14067913360575027	-0.08722913839145302
0.10756616813116265	-0.0687050950234474	0.04874510785186786	-0.10651302425412895	-0.09922580985548621	-0.11848108232800156	0.05850261155333838	0.04266629757923757	0.02649150958194615	-0.00942721396640185	0.01062116602548168	-8.673017788229478e-05	0.1115925427862449	-0.009336829667667709	-0.052990739492621765	-0.08480416656156425	-0.007448249070792086	-0.1383865523250768	0.026742352855901794	-0.0415609731158856	-0.056709059157836805	-0.06747309124190587	0.09562560077338365	-0.058361814238955464	-0.008037991182294521	0.045365851132032	-0.04853084720823235	-0.028227852163047518	0.04624370491065862	0.03313366612110605	0.01730669610806943	0.09630139318268711	0.1147426109425761	0.007259100752430064	-0.03308481163534919	0.10983516456916109	-0.04221357243449941	0.00030126647155495623	-0.11746006881198881	0.04506632242686052	0.19740092316453584	-0.014223393176961134	-0.12244323586620115	0.07129802189264094	0.029413486566084363	-0.003082959751966482	-0.03259322764086043	-0.031555977145032124	0.0007231117396289122	0.08836144684855188	0.074036830078515	-0.012268224116968637	-0.11379622384141166
0.11037762078881619	-0.030610057607881422	0.11870846220717543	-0.06610118312980413	-0.013030872355055638	-0.038596022737148954	0.01502635105714203	0.020510810640915884	0.020790274018436444	0.06524505242241518	0.09563483997941426	0.0675195293134548	0.0725112874470983	-0.11957902288195656	-0.029853414397152122	-0.07284019122631008	-0.034453611875804695	7.840924609957278e-05	0.054655357589820694	-0.030276893058653036	-0.07644805590747125	-0.16867905983877937	0.14948739586043205	-0.12751793708623124	0.012321616327884324	0.13806407189885503	-0.02490223276267403	-0.02628399402003634	0.18880471624084022	0.01780450384690909	-0.026540857330762363	0.14465903006849284	-0.049352951833917566	0.022051586012839478	-0.07483643374384623	0.12947956437191652	-0.10411061528744675	0.02261050620025102	0.04112860337757552	-0.025872072851006435	0.07230727620166463	-0.028147518493831354	-0.08169810790829703	0.15117340355863684	0.055020104606641265	-0.041332602641199645	0.06428266784521397	-0.06576486064236488	0.10642544259187486	0.0931625521358125	0.06774308045546931	-0.04993772678517196	-0.14787728547949214
0.11239721062934495	0.005020724096926311	0.15114990815255422	-0.013025850972566996	0.051616006686816096	-0.014482757958908372	0.06530814157192535	-0.03194187503161661	-0.0344528077520536	-0.026082112011714235	0.18918193741032951	0.07058872483760277	0.10147430071849207	-0.060073837758837	-0.014298831229596246	0.024818633321647923	-0.02878351315930138	0.09649179103407282	0.002923368262245046	0.02529184948789151	-0.0638718945486017	-0.12788269225563018	0.17317772961866687	-0.01544960835632634	-0.007947176825003836	0.04269457217281705	-0.06236287224748506	-0.05074946922342129	0.110100074387224	0.009629332983006361	-0.2106297406583229	-0.002329998829713638	-0.09226586583816763	-0.11837999644900561	-0.10608490143577208	-0.039030525492160933	0.007591458159978852	0.02614090266953742	-0.0011456415498694679	0.08322895882407019	0.028070303966140093	0.10055374013748031	0.006087763997453879	0.07740179381250709	-0.02425903381196996	0.01832352152682716	0.14345409476802726	-0.021473879819732162	0.07054682389571121	-0.03861779200217979	0.07919953899027204	0.015576022369955134	-0.005483347306945843
0.11219564820510661	0.0020363722043301243	0.14056590585198347	-0.0015057943805429036	0.0659876340144875	-0.07051167376889297	0.1157515943626259	-0.058542389956339945	-0.01680958455632611	0.1046076889478976	0.0910924093079099	0.08276736734098457	0.10723018673120568	0.006634352290923343	-0.04262519894345913	0.017861037429225846	-0.04272871926775841	0.08790934028270503	0.008269881292437574	0.015541815985592997	-0.028593843019029425	-0.05116781852565734	0.13129659966039378	0.052002342906776196	-0.0019477565134546353	0.03769655161267004	-0.079817577872316	-0.011549256688538574	-0.03198544799637857	-0.060149119336374256	-0.08034341216376877	-0.03427863434792039	-0.1807502013044409	-0.0835718660739228	-0.04648156711362918	-0.05116696125486458	0.11020408746263753	-0.03100916163536359	-0.054807514538649404	0.04526126860860277	0.020418332809823712	0.10176687832739355	0.12117153554306813	0.056170117219638376	0.06360522154373771	0.05765642974700135	0.08878548495854074	-0.047794356662687706	0.07230761688953008	-0.1416833740586112	-0.007909916400869719	0.029941621457483122	0.009731684251473686
0.11222187998301059	-0.011305526509489955	0.149721477894117	-0.027946287688294724	0.036607236879880135	-0.09207028776823489	0.1052526726471678	-0.032653156667679074	-0.04345676518593781	0.0022946526309323596	0.08076641395747565	0.03419879273001597	-0.01877187559373382	-0.11019113766186399	-0.03286526250628994	-0.02377308429197001	-0.08993432777131861	0.14958207944065227	0.01451962894419092	-0.022104343137105666	-0.04412243189391254	0.025579915546163685	0.13114243016342012	0.016870412590581585	0.03404301466465547	0.019768268656552044	-0.006668298587500683	-0.003924221687970207	-0.09036503889560675	-0.040658462095998577	0.008857047069212726	-0.04548300278493149	-0.032832515112360655	-0.022933116089374053	-0.004874890994226964	0.04081836230418064	0.11737569807958259	-0.08912828346858366	-0.021046070088645598	0.00821073530378131	-0.09973006108602848	-0.013884118933308359	0.08607349566815427	0.020002195304870574	0.024189621971188898	-0.00565084775961288	0.035268623769384264	-0.09150636754044734	0.010237175459844816	-0.032227970597100516	-0.06454813002538055	0.03952687145334357	-0.01757311842244089
0.11717592946994503	-0.028724078424767825	0.17938964196631743	-0.04228191043973673	0.012744661217171884	-0.07477671055262274	0.08872619467885293	-0.03335521116518648	-0.00865505800185865	-0.07237104106087103	-0.04599050295146637	-0.1416766479183331	0.09080632260248543	-0.14702904554923352	-0.06476706965130452	-0.01704065556405583	-0.03657100540294203	0.13075765619502056	-0.07391576143101714	0.0016348057576373795	-0.053141778084110664	0.13922871656603936	0.13778901159600296	0.02740727257811547	0.02404805061901171	-0.031016857720076403	0.0592276910544354	0.00042044161187218543	-0.17292861288372083	-0.07293574644396923	-0.07053885450536491	-0.03156140397277292	0.03507381260180372	0.0021666463386710508	0.018193610706829753	0.05241556844208855	0.03736115620774872	-0.09877386478113362	-0.06504479809420112	0.0541459956775438	-0.044020296199912115	-0.013393495256526389	0.07569261235860493	-0.011537605743228048	-0.0671740965183538	-0.09525146290610537	0.04422200840807855	0.017878107772908235	-0.1304476833798647	0.1738643512842989	-0.011749319941679956	-0.027356976589937586	0.056723426645519374
0.11813583230019332	-0.021800999608748435	0.1586263283030238	0.018103757487664747	-0.020504251404632107	-0.030766922790803005	0.02865605444734218	-0.0850174110230758	0.10404093786734775	0.07134102425421422	-0.09177163590123129	-0.09342117864642482	-0.02759697864462143	-0.11625233007654809	0.01987663544909199	-0.05458337696476017	-0.09428063743466635	-0.01577098154968376	-0.05308615463240392	0.03621051654287242	-0.10329337278627924	0.09596070902627059	-0.010240808545637792	0.11593065184487089	0.03964758708048893	0.0071665790972681095	0.0714211226959664	0.10100305369019548	-0.0970553053182205	-0.1407944452511699	-0.0960594816224698	0.013157737896032931	-0.18095612867284266	0.025721646278537208	-0.05770843785130461	0.01312328692618775	0.027124920484664732	-0.06291445423414636	-0.055048161092934644	0.019049780630186565	-0.0491110389435059	0.034981997455970124	0.07953786478217936	-0.08208651883009199	-0.016211684814941826	-0.03139881623500475	-0.01293269071625363	-0.008150087043024622	-0.12746740350234603	0.19775958989730522	0.07625657669590634	0.05179274944586747	0.04911391817050734
0.11985845217775375	-0.018817965250303235	0.12403628608226959	0.07424829594581098	-0.015630734332313132	0.018456404491129983	0.025884112280871903	-0.11038795748736714	0.03400093761125856	-0.009146260532309365	0.030459557332984884	-0.028595695285212608	-0.09584294649480737	-0.04242171443253728	0.02480455221969983	-0.08054683813501162	-0.12094600253807089	-0.08569594068050636	0.07377856026103928	0.026371446888761238	-0.06112597710179721	-0.07022098573306856	-0.17363017319272725	0.0351240067768802	0.08723039335179139	0.029636579601515882	0.10681886309267381	0.05470758983004467	0.06425818277805004	-0.02448583722042921	-0.06395331754785263	-0.0505915444393902	-0.011163684641051752	-0.03659039361284445	-0.05610568270945322	0.09310205339986294	0.10637505407177128	0.010471558184714139	-0.03774014617793897	-0.045758064553751865	-0.0830910845264361	0.00395826043161019	0.07034306368978152	-0.11057603072446215	-0.023955890423388478	0.000997777956477876	-0.11007528653364737	-0.04334476374379798	-0.045904392725396086	0.08143932556525324	0.12513733379412556	0.13829996983815646	0.03412291969393084
0.12475855096252556	-0.031264195642382045	0.12073426749977353	0.057210503506222955	0.02448829770946373	0.04580810530658741	0.04591461878262814	-0.1177493077451168	-0.0578316642480977	-0.018212917016415225	-0.011351456963525682	-0.06397459937253215	0.08883072450739266	0.03770768465097933	-0.0844264235396995	-0.1085850909431194	-0.10594138756476128	-0.06278206410353158	0.11427623763925404	-0.028699104856738926	0.02857549085839916	-0.11603216559217694	-0.2517735024632951	-0.06630220846436807	0.1095531779766505	0.022369492376089407	0.07621389253966485	-0.03797124235322312	0.12092093486677821	-0.013556040125752329	-0.020076881694016186	-0.00956161814265476	0.09953797400434285	-0.06658204069945683	-0.013263272042859563	0.07659827189546074	0.037312333292278115	0.002658450234708308	0.020342237044884158	-0.05640043329634076	-0.0671405984593601	-0.04672835013733779	0.062078688669690504	-0.027799080327152424	-0.03953569693853286	-0.08115511794641464	-0.13806909958721858	0.09305020450916093	-0.07236485177497896	-0.06658412037347904	-0.02298733548087881	0.08814894715403485	0.03775562042307046
0.12311129378273918	-0.029905733784033803	0.09155643920544779	0.07281894162206565	0.0496335704786584	0.044212477580850146	0.04563320979188203	-0.0811921201311851	-0.01738736736744765	0.07258880724631318	-0.050325001778969126	0.006896541375394981	-0.032097744831184834	0.010882469242268308	-0.10616730912187156	-0.11276169616445651	-0.16710583815703703	0.008126928476232025	0.034718512319593636	-0.0336938732448325	-0.0347479973284971	-0.021915655854624495	-0.2127289820154013	0.013015599488436641	0.03777029417455929	-0.05869370209298576	0.011078379384255134	-0.10873405391057925	0.03552939306575815	-0.05983007017201833	-0.005321811207690888	0.10979525954503111	0.021334780617566648	-0.021161956884571398	0.0032233665601263256	-0.014951103533285826	-0.16104745713711793	0.00549587684265343	0.0612116697825692	-0.013656321541096264	-0.11703058246198823	-0.034818017149444505	0.01801004677359319	-0.11393691331786603	0.0561613877133162	-0.03039737933967947	0.014119952575073178	0.13381190042325902	-0.06799481269430425	-0.06167989893555688	-0.13407634512973393	0.06960146029342829	-0.06001938944220263
0.11882576278160245	-0.010825935384543045	0.021476300918074804	0.14323399668343242	0.023565613983454463	0.019842998680759023	0.0442415325005612	-0.04379514144461064	-0.0028408125332977574	-0.0907757578278626	-0.025306977516408743	0.02247185453214335	-0.08474212492619586	-0.013984074438529991	-0.059491591094220295	0.011483362734402803	-0.1767818645114905	-0.028059492238381584	-0.01803045905920106	0.011284881327278375	-0.11019832869852922	0.0074890031680979255	-0.14455965241820629	0.19408576128876806	-0.013840892148576263	-0.10482325673476078	-0.034811617898004805	-0.07643267324010662	-0.015283255491098314	-0.025744383946835345	0.0022333840056742854	0.011740119524066311	0.1044513783785303	-0.09697977873608851	-0.012621153878661369	-0.036190640999961846	-0.12791797440964853	0.05083842971775819	0.027868325273043306	0.02730839783654378	0.006750118472465413	0.12781997425516425	-0.09862018656621674	-0.11957047384810354	0.03579832416072565	0.09668499360404526	0.11661156444444289	0.08594287762347325	-0.00362199567209363	-0.014040488201885495	0.04468969348189619	0.12667460213709153	-0.11047217589831458
0.11979195055339055	0.004752044925140823	0.0024213957034714046	0.20067950955219838	0.027276159898433416	-0.03794976079001377	0.010164897232688434	-0.04467995328097606	-0.012236668898778268	0.040233213937345066	-0.0923555636117626	0.005452014467550153	0.044682756728904593	-0.005272272635227824	0.056029491006129965	0.015260986554635926	-0.1300378996406397	-0.07100543350871343	-0.04472179287424114	-0.001403492718781622	-0.07962139506006764	-0.056886645334965236	-0.09242721460508577	0.23875147988083764	-0.040162144758287714	-0.07080302355875855	-0.010043444045466456	0.06350219948845101	0.05277463548550918	-0.040507943767649865	0.07214906884445012	0.05419060948093839	0.17407113431350693	-0.03256804941455805	-0.0010650143085232208	0.017465177836422333	0.042826058930734094	0.02829238714187113	0.13416609194264617	-0.022484733070779438	0.0651926355341252	0.08774406672499147	0.017865707526257057	-0.0010289013785508769	0.08929433167929011	-0.0030574843673858224	0.04440702702874198	0.06735529347902156	0.09374226253404876	-0.021943534842042867	0.09069039129827854	0.028197727541411886	-0.11062434473378595
0.11867659143762128	0.006125351075918262	0.02778880063075336	0.16865859457190918	0.08795636735791043	-0.03163798112415806	-0.030258130961129295	-0.053661021145531666	-0.07526047129219095	0.03097431583259951	0.00317579648473529	-0.0024276756327421957	-0.014044197572099374	0.014666960985888261	0.15944443951549966	-0.009987808804059632	-0.10985936702264172	0.007908726083008352	-0.12744470277385928	0.010956363525839835	-0.04567942458109642	-0.047872181918295176	-0.04709821871995948	0.115971547779419	-0.06454936695595369	-0.12458193000550326	0.0005289676614741168	0.07409111944312013	0.12363051087522325	0.022534274399264483	0.0077114470647128746	0.2070117221254203	0.13613277146722136	0.05191461418965833	0.08324051377378065	0.06340930756536699	0.18184678878488353	0.1078000445733209	0.07711527959943636	0.030116012701878647	0.08083197602857713	0.010588319552506787	0.07949030068110134	0.05554485157169922	-0.007185213621717708	-0.09314120163242456	0.07539352607467832	0.0542151865523006	0.053625951472440606	-0.004053794556846249	-0.06022451475723433	-0.14651576765535881	-0.020553496160925146
0.11860226069512383	-0.009160875460150533	0.029653264659840244	0.10936522853778494	0.11427968186557488	-0.020921261013922277	-0.0064925648007273145	0.025832634290293238	-0.05920973977170589	0.037239916509372785	0.009534253948406382	-0.05128399363528402	0.056796737493828145	0.10153993410396081	0.06669109146355998	0.046839445182909306	-0.06905656462799417	0.07573250921781124	-0.10832611313985277	0.020016120633776346	0.019233242909222792	0.00937365581922877	-0.015487051801981403	0.00957363713226014	-0.039679068920651844	-0.14091474784541147	-0.0017516649546295282	0.0008815192298242264	-0.011369742111808488	0.027000680660917466	-0.01637759079354825	0.20060805913603463	0.0960258870096227	0.09999780670080638	0.2148699373753221	0.06673228514938796	0.09392242446989431	0.1259657650851485	-0.07775384172428546	0.08547437779095939	0.041025089557987275	0.004629457324780845	0.04122278159816099	0.16175792001694994	-0.07470952410050119	0.12452284585790924	0.10514065596807508	-0.037111337564846136	-0.029718750650025536	-0.03697929561003903	-0.12799134937234977	-0.12268759968338014	0.07741232563393291
0.1181979923069703	-0.009931797830507402	0.008997120413025755	0.1083764782346825	0.08846563354032148	0.009038801317220888	0.02600722318175708	0.1039048675530279	-0.04441553843662703	0.03084279887856076	0.02160955328450765	0.010386560489057072	-0.048220645162301665	0.050203169762449346	0.038031240419481194	0.022429003355797325	-0.010394815903463559	0.10498657143278459	-0.08515619880422218	0.015482752058729732	0.0013867371087489047	0.0358668418112263	0.0627128074373897	-0.07848764596926663	0.020313743851434855	-0.13605278122882628	0.0010241247772288242	-0.048953191887676696	-0.11200165122614006	-0.001880658354081334	0.006305078139330719	0.07920108706997328	0.09548770457492188	0.0774401708661301	0.17479874100205248	0.07678044830214673	-0.14233594857970436	-0.05389869569527634	-0.09550128740139308	0.06323342327178177	-0.11201536428251746	-0.044174174368749236	-0.0015756971386430962	0.08281060056164176	0.05987280992092699	0.1566606996896306	0.02999903923261131	-0.13207719793024494	0.04788038675652447	-0.054325012826480355	-0.042150703775526696	0.07530695179379018	0.05122843835915314
0.1228615892308502	-0.02843153236870739	0.007468084167959722	0.10665317839351521	0.03457467482521835	0.08992172482052928	0.04084918877388375	0.10310724721742168	0.009975910896694987	-0.08213202444562241	0.009009858087269812	-0.06998295806953743	-0.0251176979626691	-0.02950994397194322	-0.033854973943825	0.06365709438789091	0.03440334944675902	-0.027955085365156784	-0.0755301629519098	0.09333849805751918	-0.019015079367151348	0.06575380656298856	0.03735979147276425	-0.09923363820606008	0.10894138673705024	-0.06701596108461122	-0.019588165482466953	-0.10435920951950878	-0.07828245766086694	0.06214152674904079	-0.08182278396061074	-0.10308901730910647	0.09543197664763345	-0.019463499064968838	0.12426914026422271	0.06008580994932415	-0.14349282369946914	-0.054874132817932984	-0.15054873345322184	0.06906615269653799	0.03354894789063605	-0.10795522352771447	0.017344841179108218	0.05481962810565371	0.07641315968271911	-0.021193927347774304	-0.04792297009793228	-0.07701321264797105	0.10913117345426035	-0.006657974715385373	0.09654800761396778	0.020702595162835305	0.012642797865938523
0.12494631002366913	-0.05958645731987818	0.022456861943938578	0.06216104946609902	-0.012142809010193458	0.13312747230856037	-0.04465579737758749	0.03829100840080998	0.14724135183257914	0.06566640484215136	-0.04006373475775821	-0.12349976213301335	-0.007646057706811812	-0.051773037744352275	-0.01656161241281723	0.11541337609195884	-0.010700642937423706	-0.1611313721759693	-0.03252078583507131	0.03211582773729216	0.03930206487949149	0.004195319523383104	0.007729735607984921	0.030770184300293515	0.006887766722741502	-0.017447071405316802	-0.04997349260668186	0.022536273261821962	0.010232655198406196	-0.054124215117161485	-0.1315507104343308	-0.03895284465982495	-0.1731047036770599	0.05760350916647812	0.1244091368994869	0.0549447103356429	-0.021505550777065535	-0.14392429052878272	0.013107084776795515	0.05302921128168494	0.06497266388185022	-0.16254952598947925	0.028996129869463753	0.0617928558671272	0.054638024516996744	-0.030662190738080526	-0.1182151933517013	-0.023201347549676066	0.10697946514671008	0.027258413835907963	0.1658411623820042	-0.13340572013526605	-0.07815967899210247
0.12342683612526661	-0.06588580738113645	-0.014375031973904686	0.05333481654793894	-0.0715210200015524	0.14350217907767537	-0.050254879195124794	0.017252445145655323	0.09905271068969655	0.047200253558081336	0.08549943429151628	-0.01346946317634921	-0.09011935494995409	0.011099419901207335	0.11094751143574853	0.12973629035277565	0.000500317917324365	-0.0926475677151199	0.1247818120542055	-0.03238592604003257	0.019493797014399183	0.0019142060466524925	0.00662534509781176	-0.0028187412927647357	-0.11670267220951593	-0.014698363303676996	0.007236949216094251	0.022964735452138094	-0.020881933631636606	-0.0061404658650800244	-0.0911493899862843	-0.02751566039320648	-0.11004970006046315	-0.02067108058470115	0.11444137365952303	0.06673954594832855	0.0543297728098498	-0.16156360134892345	0.04229605123583379	0.10838374241207105	-0.05206840106930667	-0.0675573094550192	-0.13536355820791518	-0.08960698772292548	0.05542627299186718	0.12441944197582104	-0.10544440015708083	0.039430445006590965	0.057601262449309305	0.04721191963870233	-0.006754522045792029	-0.031226308714168212	-0.07057328546378966
0.12209010104918143	-0.060521455212788774	-0.06975304618097906	0.07907360340547398	-0.1084940843136781	0.134176553364538	0.017069197250437564	0.01721717492774463	-0.036935596690803554	-0.08266289637523999	0.08477128958202897	0.0008148367170915256	0.04057041650058168	0.12083498176832333	0.08332760101036547	0.08474778492662031	0.08807180484401704	0.020804436345620528	0.14179262379037583	-0.0043385468223233956	0.04071289163800366	0.08553728791026186	-0.028063885748909705	-0.09056762071346457	-0.006951246710829841	0.16130941650984382	0.07490163740972919	-0.056277026127128926	0.005064692933534655	0.015531166453780856	-0.09800014908356855	-0.0860780120884026	0.09538532606227529	-0.13048737634009816	-0.027454390908310845	0.06827990752872087	0.03237212724642076	-0.021282738957559763	-0.001189078739177292	0.07556935454651656	0.05842917510902904	-0.041162539426501527	-0.05512272003240455	-0.008408379113550205	0.05380933872990233	0.08950057102498984	0.0018254436484564651	0.10719449034657352	0.057192780037205446	-0.02608093567188898	-0.0800137420064177	-0.005718831586816915	0.02045897987643918
0.12279336345668793	-0.04320491066572632	-0.057969350407113415	0.09223358487502845	-0.10708452306584283	0.11629149016493871	0.005076395141489392	0.0294958168470034	-0.06327231184003954	0.0794162273294647	-0.055375079248386465	-0.02145326925261952	0.08865729929930447	0.15069570203919336	0.11565685619404978	-0.04799256800210932	0.1779986644197006	0.06655182422625346	0.08280646319736748	-0.03943340663930231	0.043711303801447894	0.026325342137574502	-0.007179464877938184	-0.061482238943060964	-0.051961167721219614	0.220425632806725	0.018464949300709917	0.02187441713853975	0.02000836156935535	-0.10086745377729575	-0.07686689692229154	0.018064537605022295	0.02491012380806376	-0.04668924196661362	-0.05917339451676572	0.09647627184416913	-0.0714405767481596	-0.12127925604039938	0.020391739816925228	-0.046394012518548876	0.01116168808622002	-0.07245115172523285	0.05735440599278422	0.03684875069266466	0.08367694798008811	0.031041888244681362	0.04431832789483674	0.14459321691250487	-0.04220803903095548	-0.1098837571149788	-0.0023528800670462036	-0.06404429131090758	0.030349767505378496
0.12383382141126552	-0.04295293675423353	-0.049231022933368604	0.10898456530631284	-0.08781078303447219	0.11699312685279233	0.01384686692214064	-0.008040902601504654	-0.11529203392709164	0.030048809626443154	-0.06283061988098881	-0.009510652095874495	-0.05508114240307775	0.1077571518405733	0.12268407541211553	-0.10950056997245196	0.19922695884413247	0.07842475786376808	0.10520423182993764	-0.03044785714438236	0.0022325928972267116	-0.06737986112958003	0.043430500609208694	-0.03779868626095492	-0.11983856306262568	0.14542004113415116	-0.07785582501539798	0.02737616967222822	0.03615604771597695	-0.12581745351663545	-0.0058386951924093485	0.094971514376603	0.042698110478218934	-0.08838353854132104	-0.050964851284744254	0.09847623186706572	-0.024330039591290896	-0.10968944110325596	-0.019830749822952493	-0.09523763965572338	-0.04078728633162095	0.05937830549859373	0.01397568302453489	-0.02235565920600662	0.0433425513573435	-0.01460014915062536	0.09792762353725121	0.07168855433513735	-0.16323037273227867	0.003426973367624939	0.020853545300555824	-0.008092103459203394	0.04639915263593629
0.12390210033048166	-0.05089437849396063	-0.05511662967580145	0.10819756908689662	-0.05608348882607053	0.10383316219656134	0.06288227526488267	-0.01841800681337091	-0.09378993243857893	-0.06788560328671212	-0.14494641711646103	-0.04711435840912194	-0.03522011474309878	0.12840955681128938	-0.01887773955810456	-0.031802566932303294	0.18809889900224155	0.08062278308581537	0.08196624408547101	0.016135632268343112	0.07527786495964946	-0.11883052968193686	0.056248451537791073	0.043538734443492155	-0.10507215644652299	0.057474055395895465	-0.10656660509639483	-0.05313185919776832	0.08041261471778006	-0.02251604815203243	0.010817337221572312	0.0177820073912998	0.08262271102960621	-0.02496623317695671	-0.1490254339595818	-0.03895654315106039	0.0774512490594552	0.09576196191928013	-0.018336780627268928	-0.04671744024518248	0.018416577787939436	0.03239119404071277	0.08670419204766236	0.08176081441889915	-0.15742115611730134	0.10350518493519428	0.13977236862845616	-0.03132878287198215	-0.02603383518406116	0.20039217343766505	0.05390664070776098	0.03453899948008755	0.06410743102811048
0.12397328286530845	-0.06401112275748998	-0.03620323936041093	0.08899219632698627	-0.03758848066165441	0.10923886018500625	0.0492716377366968	0.028356172567672516	0.052581567122565655	0.061522832482360054	-0.11155845299454764	-0.039189193440631036	-0.12347268605705077	0.023904948926659484	-0.06761807246674689	0.07639372571568685	0.15976050125608113	0.03923592508397926	-0.004792028569448086	0.06825670737160737	0.15368888583088094	-0.11771449247524271	0.05297654483181821	0.11479072015171206	-0.034856915225407084	-0.03349828961891797	-0.09337413718303414	-0.03356012909075143	0.05236890014267003	0.008919551573001568	0.10332413913117378	-0.04102773012241605	-0.10509448747809577	0.1857947896400281	-0.1803974426656777	-0.14851376081807963	0.05055930771166719	0.06120005323066057	-0.0359064676952027	-0.03338659005023825	-0.09207691877115919	-0.029509690785940138	0.14378100255970963	0.09954049815472708	-0.09607579685394492	0.10777428453239596	0.08081112430235367	-0.021841586630936365	0.15573504297717633	0.19125060661865478	0.11759904952769587	0.08472978192096794	-0.07689885259998443
0.12502474478595307	-0.07985045035739058	-0.0012586600693145643	0.07261328151013281	0.032712253201558246	0.09727753034846409	-0.0016766567192140036	-0.0010423156779404024	0.09582969579908289	-0.009599359743083655	0.12515407456777156	-0.0018081080329939545	-0.09266558599614882	-0.08339454508193922	-0.07610023032211559	0.11086045145768945	0.06832480250554175	-0.1792926203383402	-0.0550235808909761	0.109110213655545	0.13324316632755182	-0.07122811988835671	-0.05420965385285625	0.05396326219816018	0.05291280050118932	-0.07998242858942917	0.02955408641935367	-0.02603684639576867	0.07773918288688975	0.056632458828983816	0.08069576467941333	-0.14409292772364712	-0.003046230481464199	0.09072242410145162	-0.009719615166056933	-0.084527502395176	-0.015502181937910607	0.06611212885392262	-0.1048792142266827	-0.07423556968848519	-0.1183403878663827	0.0010469437810458268	0.005316068093341102	-0.036715593731702134	-0.001049705615705769	-0.09070173698368943	-0.03797040598587288	0.17633276146128155	0.03416725630885811	0.03690774693115731	0.05627040901084015	0.036457361390276596	-0.021795624042909766
0.1273096721113699	-0.07774222498698716	0.015985812442259266	0.07845564713749602	0.094853801628072	0.05668869197991742	-0.0032395699428738596	-0.002699898056838089	0.048242729015193275	0.05556715930233613	0.13558495430089654	0.06400755830881726	0.14162670050949588	0.004738507120050304	-0.08838772750449175	0.05712448572083546	0.04327059664175826	-0.14177308587746384	-0.04828883734740629	0.02195446060798903	0.1186306074642148	-0.05021625422769745	-0.03979513028406794	-0.10280430182465367	-0.008936840643575451	-0.06676114918149098	0.058013107300625796	-0.03978464282815224	0.06071450983965834	0.05231377518872676	0.10201613464275382	0.001116289733999899	0.06931584501152308	0.045083701271703566	0.017619982884525088	-0.04055203155948878	-0.09902551365474146	0.021732271470554745	-0.06163448092433488	-0.13200983847014608	-0.02352608989903337	-0.06398492975189235	-0.11107870049726162	-0.059741912999716165	0.024388355516232238	-0.07854237068573407	-0.08878930948518783	0.1425249982875819	-0.08702009101806257	-0.07056455392003318	-0.0833090730295722	-0.08546699923999371	0.12444356886506439
0.12515609858973584	-0.046088911568823096	0.023645598606337376	0.10687344061944293	0.1005656205457376	0.006489162472568654	-0.015478190919597633	0.017851864501362696	-0.0028833256273823778	0.0728934845372046	0.13263232458141425	0.09875870410668665	0.029410217325290398	-0.007291838960056223	-0.011261712421092585	0.0848342076219976	0.07651723599086581	0.09663981835984914	-0.1005772507335728	0.05435231263523232	0.07014135840950972	0.021491793772306218	0.0709366496230757	-0.07602379413292723	-0.034914513031076955	-0.10670404792429279	0.055256238750208624	-0.017824383745464755	0.062373064264593436	-0.009472038517488485	0.13021714125256423	0.08649567875160064	-0.1399657349633406	-0.0026754604210631958	-0.029260989923869586	-0.06238251064904754	-0.09531521044176594	-0.05067804291932275	-0.04540769051567071	-0.05804221433291376	0.04327726635986345	-0.05261471058297949	-0.18102328254188244	-0.07114922890966091	0.019960316533321094	-0.017075257432439667	-0.14894818122002845	0.003828353402594735	-0.026646390320213383	-0.019398752918065056	-0.0978171046590379	-0.029083067073392213	0.04471269545534912
0.124325896263075	-0.043034910609256606	-0.0009498417000470614	0.1163984014807042	0.05474695690780469	-0.03074575390918366	0.03855442581181477	0.015113570575168817	0.012230656274381576	-0.0724073252045677	0.06133541007941791	0.03630717989928329	0.02400283515304514	0.03834208555690477	-0.022930772101519177	0.12052211076952754	0.041336828981695266	0.1144874986987452	-0.07041046938106081	0.0717349604046301	0.025011614608073163	0.119369550410341	0.10904049395002058	-0.016065617488941163	0.0865327775396057	-0.06538514229317546	0.00887210942945231	-0.04062928388129161	-0.016256897873547935	0.07211725284647905	0.052247720210911744	-0.031050922356493413	-0.11756829583482033	-0.12232901777067798	-0.048647125897516845	-0.003327452926140396	0.04365983721660394	0.04675984408137464	-0.0489340330745818	-0.03364611740776155	0.07827101851452806	0.047321240781913215	-0.11230999797727144	0.010122715907226576	-0.13188713623639597	0.007751087010510561	-0.10436581738469865	-0.016482534541508265	-0.01893103936820332	0.025194563021966175	-0.11923669035877178	-0.060413146484513874	0.01053630196949213
0.12698509456780493	-0.05166225929143548	0.011255446799791699	0.10196075556658188	0.035106726079434644	0.014826798868335003	0.04043100878263712	0.03134796384474745	0.07816831706749029	0.01647171213533526	-0.06397836554035728	0.007539644527491145	-0.002467279467680403	0.05637067955597953	-0.027451835080273084	0.03638944551219614	0.02303949374478325	0.05934692112549127	-0.163615177263045	-0.02825666540356181	0.02402967703708226	0.12128123121683974	0.11833178058630726	-0.0871333668146977	0.10438201469852038	0.08914639811518119	0.04042383712815891	0.09019111721796	-0.07854266689350263	-0.07641640314528533	0.035649728083271895	0.052689081824200956	-0.08750509415687843	0.0015691153032726113	-0.0733362456387053	-0.03363240335610276	0.008429756451150565	0.06578807364079797	0.031590623762999204	-0.13344964941700013	-0.02008397263578501	-0.039775245170535684	0.0013927920280402337	0.0634332276219484	-0.049190968484538286	-0.10764218677730357	-0.019583519007228156	-0.03784076754279251	-0.015342215874547423	-0.05662500315631731	-0.1874571162787761	-0.047491749695211596	-0.0062999335933362766
0.13152024581245061	-0.05859296579444183	0.042038897661136575	0.09651419150083024	-0.002848015999943552	0.07129970088598915	-0.014249670889114415	0.04218000896044502	0.0655573415886257	-0.04000197577037345	0.0003318755140728084	-0.03015239844841384	-0.12178288622564314	-0.0028862451592253147	-0.007323933620868205	-0.05612299574176372	-0.016542061115705824	0.04024774644357035	-0.13640923190172438	-0.10734691729759727	-0.0031736287665193935	0.025493282099148272	0.021922211061881816	-0.11061773960882411	0.031743962252083154	0.05641305488246376	0.02371937703380004	0.08838566328833297	-0.12154002012905743	-0.01976220381477256	-0.022567211295646764	-0.07183502622274097	-0.06281122677957006	0.012656274352599917	0.0057665931515039	-0.10447183787035619	0.011983264544402402	0.11555776089473845	-0.0005164589577016706	-0.08502549996980228	0.00381513197961985	-0.07934296495344269	-0.048398025673415744	-0.016536563210768043	0.026461139556896524	-0.15196683983000248	-0.0075723593529983466	-0.1084947591762153	-0.010146834290894882	-0.07749466820139796	-0.05303856855991271	-0.05509805738307713	0.014714876683633672
0.13198230091877158	-0.09206294698132471	-0.012571446082490714	0.07585318106457666	-0.12001414796829733	0.08374835972296225	-0.030049850802873614	0.034586036612643464	0.06331683000929757	-0.1380094370759629	-0.00029816926470027535	-0.018550165815103263	-0.009390386015867155	-0.012295245901677462	-0.03031992161142718	-0.04409366313966956	-0.05852300837288515	-0.008191198309217343	0.12611274680205734	-0.15815303172258227	-0.01474190967038063	0.00910000857863827	-0.04736957040412591	-0.05224064974364718	0.009317006026206762	-0.021071124559090673	-0.021081282661280863	-0.047766085053774054	-0.19683649664855862	0.19856546178074702	0.01613237856540592	-0.18551451409510153	0.026234708235579694	-0.06670193087931801	0.06355059189169604	-0.08632894421847737	0.17888844267061588	0.15766499778596946	0.05431745923429581	0.0463572675613497	0.10600230830104637	0.05739271120602697	-0.06493429410204826	-0.03094946997206817	-0.057275022564914416	-0.013285809698242258	0.003343551379594821	-0.1093096047048906	0.013240231498529837	-0.025198685637994798	0.06053469468347653	-0.15019971949678237	-0.0731418894414629
0.1292138325737816	-0.12696746206589704	-0.05735758934727088	-0.0014226354352203496	-0.18017627184912224	0.04081867768806886	-0.006764298273506315	0.1024940743751615	0.09122104878803618	-0.019125263286616956	0.0008635861285825122	0.02633158114889152	0.13171295297216895	0.054846033197053896	-0.024286009904003345	-0.08296557210840286	-0.03382769013375744	0.003846224448258842	0.13586558575044744	-0.16791125361224649	0.021908784815919992	0.08370843404486929	-0.04767142125848709	-0.08350263242223226	0.0007946412269592001	-0.02787893962403091	0.10979165286357258	-0.018899445956488965	-0.1363510657500816	0.11109377252911486	0.16556809231809988	-0.040732983011978134	-0.007830104659455411	0.11446806074804006	0.018809808550167013	-0.19084891486368058	0.06066537812936221	0.025784585838716748	0.18953102059047305	0.09471966792678507	0.05700625027569178	0.15241625638985987	0.08825046764811255	-0.012598126932983941	-0.01527439205715038	-0.011305192302912942	-0.007236454835972968	-0.09711209662535286	-0.016505495636829973	-0.06115496891205038	0.038443970504671826	-0.013395249717952746	-0.024388204738624325
0.12928597775779527	-0.1479291496069286	-0.03609610441693985	-0.028982778804467004	-0.12569631026837072	-0.034625890513699874	0.0026919556919720554	0.135138620589428	0.11791017944959828	0.060034421853982015	0.09064091527514699	0.08476371075307723	0.05271688411215167	0.051582244746638084	0.016198793316138372	-0.18573495767964596	0.030130002633304082	0.06746760927387568	0.009936077931434044	-0.14134294320448135	0.008459002163088352	0.03094355877148776	-0.03736992085197077	-0.01867517154949222	-0.04366815139325235	-0.04256358239501097	0.009828104939299292	0.04663017455054693	-0.05304367201045129	-0.003619807321789681	0.30622559026336316	0.009914302846231127	-0.07177100645550548	0.07369695403123935	0.031826703349978315	-0.15841234136451332	-0.040581983837917106	-0.06344564302146741	0.11475110439776501	0.061673150644481055	0.04924591359097737	0.0810767647306158	0.03350200731294378	-0.12408568525879934	0.011773944325304141	-0.020089184409802258	0.008203628930052775	-0.12226414911845337	-0.09436101661509667	-0.0003309754844251205	0.07682865377419376	0.1659505666704681	0.1171104882406663
