ICA_00	ICA_01	ICA_02	ICA_03	ICA_04	ICA_05	ICA_06	ICA_07	ICA_08	ICA_09	ICA_10	ICA_11	ICA_12	ICA_13	ICA_14	ICA_15	ICA_16	ICA_17	ICA_18	ICA_19	ICA_20	ICA_21	ICA_22	ICA_23	ICA_24	ICA_25	ICA_26	ICA_27	ICA_28	ICA_29	ICA_30	ICA_31	ICA_32	ICA_33	ICA_34	ICA_35	ICA_36	ICA_37	ICA_38	ICA_39	ICA_40
0.073426307600517	0.1408733939868564	-0.6361185497406924	0.2222952109618949	0.9473349655736084	0.950864119228744	-0.2521943662107249	0.6706037194941061	-0.6510500670608814	-0.2640611525348975	0.1487304556500663	0.9003508754827345	0.2325513860878206	0.3587182592942058	-0.0858449669306417	0.3186591961670255	0.8873455803913634	-0.2059729912894544	-0.0885727578524198	-0.9335153953096206	1.4771501303660983	-0.6321654811281701	0.994586499501	-1.569929857994754	-0.5437635463737179	0.9106499824428762	0.724269058008839	0.0921211708375325	0.0138586974773837	-0.5636353411052085	-0.429493914882486	-0.5866637751299247	0.2521153263467822	0.1001410282247759	1.6417290973631398	-1.9653200937753108	-0.1263182744324728	0.2714555807044743	0.1191182036334384	-0.2417855919205556	0.1670499418983023
-0.955032524730209	-0.4059438318026073	-1.4770688794651958	0.8651445841782469	1.557435224165513	1.1236890466934892	0.6119540892865157	1.5799563583878673	-0.5702505467703548	-0.0557452099350968	0.8772995894354633	0.8601280846085156	0.4245574178461152	-0.5449813097278771	-1.1052331485177638	1.208729716549951	-0.2149576511746066	-0.4109726096147783	-0.2499812329794469	-1.6832363529401069	2.4174519780214023	-1.5498002591818163	1.1962539878760732	-1.4308711663194582	-0.9991396991057314	1.193371368178766	0.4984474357991245	-0.3371250744690912	0.5668840412224327	0.2498546823023263	-0.1699071414215237	-0.9927477650836384	0.6192312460759192	0.2053021232559783	1.522634715006895	-2.617050937665328	0.5879668517353199	-0.3597010073425647	0.4805051580649623	0.2891720651875019	0.2013770961188438
-0.5172324656166191	-1.625765098940271	-0.7332019495806309	1.5692617161844615	1.1691049377330922	-0.3104733985810551	1.429133073112009	-0.2494008372236386	0.1871115095905492	0.3437818430673572	1.3761925753459792	1.7690370919867398	-1.2724323395087205	-1.780285315320107	-1.509098064962249	1.451072674274538	-1.8431616541245728	0.8116057967452937	-0.3576631956869058	-0.735012051261132	0.7720759219838375	-0.2648979595969649	0.6920916543903439	-0.4415177048765721	-0.6518966584990592	0.3586290678249136	0.0826440759666863	-1.0862734978266244	0.6637442634459668	2.0331739317911373	0.2662349164199678	-0.7057037599486783	0.8021414711917846	0.1283430641542734	1.4691993600159183	-2.297263917624614	1.191676824855391	-1.0823726114849623	0.6857382692501113	-0.1400185632150459	0.357978837562859
0.7223308231748509	-1.4996496112600608	-0.0752617946335597	1.0602328590934358	1.4106438567758912	-1.3601796406966384	1.4680386940827037	-2.3219683259854484	-0.4138715745389628	0.0382404889115331	0.3208248492212259	1.647196616316439	-1.131236041161108	-1.104655108456107	0.6488250675280955	0.729110918518247	-0.2672668262232621	2.0416297580994387	-0.4946619105236124	-0.362584829745123	-0.5564766549456281	-0.7462705603041416	0.2162151058596465	-1.09476719630006	-1.17993901325958	-0.8605414131732858	0.4066979141666712	-1.3129241111309478	1.0392385032522968	1.1081352583743522	-0.3809745528509903	-0.6275992132499179	-0.1848366562062423	-0.2953585846717989	1.4815511326049786	-2.205801702207548	0.6711926804563779	-1.3955046485111984	-0.2618213947597218	-0.4841286903612854	-0.2444724037491126
0.1850340839872332	-0.2086456968756415	-0.490160422964918	-1.1105723236179637	1.5961873862754832	1.0665342475699229	0.0387608328067149	-1.6886326337702844	-0.027022241538924	0.3533857710099379	-0.7106459169796215	0.4939724325630018	1.0101225539754748	0.0523546833730514	-0.1782766486494945	0.2851714662642135	-0.0796870963803185	2.049150575372251	-1.0136620822136726	-0.3409666991192369	-0.5247265468580931	-0.679720539794591	-0.9668343861415072	-1.309722879656166	-1.772056871174982	-0.7701250105627163	0.2128387449351181	-0.8087093261213448	1.5914315500134495	-0.4861725964137602	-0.7335232590072912	-0.6201788071607894	0.1143824348589792	-0.6767598317860299	1.4948620367370478	-2.1269843759880622	0.3129731155975639	-0.8820065871752699	-0.8391091220868189	-1.11681388763926	-0.7697569881098059
-0.6002721635828975	0.7663824908202419	-0.970940969788584	-1.8613542025230632	0.4840529326075667	0.743095687277588	-0.7663487704820806	-0.8093230703929172	0.6123374854807206	1.0006599563666176	-0.1792596837730018	0.4139817904479227	-0.1822222806996941	0.2271194551378051	-1.5329762553179764	-0.7049245642681834	-0.3537699933987273	1.5664826771312832	-1.2017102894171392	-0.2599125341938433	-0.5339989613186774	0.1228290762115416	-0.6756067971801932	-1.1271058632079134	-1.3362103428333885	-0.2449767640179246	0.0477207348931906	-0.6832820143431285	0.6828304935630792	-0.4626040864610182	-0.578739519536248	-0.6185603814971847	1.2897967547681928	-0.5970822365938404	1.4741147405067532	-2.075592189172024	0.3361655371658668	-0.433446454826083	-0.0243996973740899	-1.7736716698532036	-0.314698817630717
-0.6202327039686216	0.6418897055947155	-0.7898849169386088	-1.0203217750970086	0.1875075394189926	-1.1971334193811765	-0.842290354509899	-0.1641069866789966	-0.2310884827158227	1.734845824413938	0.4396807089483142	-0.1621640884902445	-1.619462716609218	-0.7769022775405972	-0.0281880872680235	-2.130790088625045	0.5431411674552946	1.492459741819467	-0.711516124780864	-0.1843111391173836	-0.0608689710233529	0.8907195214270381	0.9114814106262558	-0.7401804655159456	-0.8702721906488757	-1.3180921543822235	0.2703694578743517	-0.7882210991199208	-1.7308380022644454	-0.2894191055643366	-0.1591722853646008	-0.3473387099618857	0.7595468159106651	-0.3310461636511276	1.4396957672551856	-1.9305767792606316	0.2935347689574704	-0.9197816248967748	0.098380487984989	-0.6087988231674246	-0.0578316664449555
-0.4853035958445666	0.5082184198290232	-0.6576719601486702	0.1281996511149888	1.0463578365564914	0.7089633183283127	-0.6833427371058796	0.5852973053049572	-0.705247938549636	1.837800065755576	0.1235894936363805	-0.5160437470520294	0.1303036872030768	-1.2563992206367909	0.7388122057033121	-1.6403788265117083	1.1130628037783312	1.4283476536268405	-0.2435486273626309	-0.6367356669620526	-0.2007716777496132	1.113245204626646	0.41381503493356	0.2573294549884618	-0.6016788773770582	-2.1110348311983795	1.5666322501803058	-0.8078289176045863	-1.4203955684551453	-0.0705605191472761	1.462374200380509	0.3328571588752474	0.4170151769573314	0.9543451790878128	1.482150952519048	-2.050823150273476	-0.0416080447482312	-0.7451464852697797	-0.4129663372125379	-0.4591202316875841	-0.4172922030842731
-0.2637803673918641	-0.0630213044925294	-0.5312970491892928	0.7714868656599299	0.4608092862250614	1.093986621141591	-1.1063576923362943	1.1892530266176249	0.2076733720374285	0.2772094246145092	-1.0642380364804045	-0.0917187602287025	0.1597713581849732	-0.7566165171768588	-1.1240991449436029	0.0658557534278564	0.2651765481985129	1.562936409343198	-0.1958041911421983	-0.2938212583311603	-1.3217954033326806	-1.136283657082279	-1.9752157518423703	0.6412355746543882	0.0395714320726538	-1.4478384955182664	2.29021358343935	-0.6912028013588586	0.0722085109582162	0.3322555439827905	1.1529264283815897	0.8449097655138129	0.3924052810532892	0.9721618185388036	1.4665127445688746	-2.0222249089531266	0.7244885439615806	-0.5169488503475287	-0.0792366600147944	-0.8386081860706125	-0.4638616306129085
0.0911287962130462	-0.122835055391738	-0.3904689608976863	0.9561291643814384	-0.3884573526283549	-0.2929817828507611	-1.1944323113911532	1.25024112041864	0.0969371878712457	-0.3533389965936386	-1.1288525051822789	-0.473546367326858	-1.3090470287141307	-1.7420334324494082	-0.2952060421461793	1.092936051238922	-1.2193054896353837	1.2832815685621843	-0.5965930931420753	-0.0154599792059355	-1.089942037121418	-1.3930823669145938	-2.1032213050476907	0.1199914831940668	0.3393693683706981	-0.7887919841853114	0.9050852806623618	-0.8613323106049376	0.2811388823870809	-0.0485776407008223	-1.1171597086626783	1.249040411868837	-0.7128033811312017	-0.486555983950718	1.4458198850185544	-2.027097758015128	1.1631963021315923	-1.5134588950181835	-0.0737510311172844	-0.1520841979959211	0.1543991951603197
0.5003294159579944	-0.1771981796940415	-0.0932367050394284	1.392465564348457	-1.4911712481442845	2.129551691018594	0.405337600135026	0.2494645927859798	-0.122350249989303	-0.6560994320583302	-0.3732388137664653	-0.1986601494458846	0.6565898735313771	-1.745616583174024	-0.1137145493570841	0.96019452497278	-2.085805821824209	0.7582746300251795	-0.9415280550083672	-0.3869488626209846	-0.4125995051004151	-0.317644863624519	-1.2916058579266456	-0.5802234900344215	0.5061413624155988	-0.565328048982112	-0.3572198347815912	-0.9803131225206276	-0.0328166464887791	-0.4702145089828161	-1.227769523784153	1.3369739419711646	-0.8791206009660807	-0.176304515840028	1.467959234449427	-2.0334878986756624	0.7193849580069341	-1.91658552626924	0.1858250190812741	-1.331277880475244	0.6819336551868974
0.0936530634825569	-1.3684071569806668	0.2823429612150916	0.3387734131785077	-3.7513921541658	1.4386376347857968	1.208570155566689	-1.4565274549919112	-0.6499078735723429	1.210045064300768	-0.2415464936702982	-1.31952841212297	0.4696763477196125	0.8042090654688441	-0.948133011379232	0.2120746127279699	-1.0724873673358857	0.0738334319242592	-1.1693737382420213	-0.4425025050758158	-0.1297752124158289	-0.6942264113205716	-1.7750637904944615	-0.5271732516191644	1.999809615603955	-0.661121049527637	-0.7611562233784668	-0.9820889364701232	-1.3608771577564642	0.4316030713337949	0.291122127383667	1.3715531285977731	-0.471566500239987	-0.0334091982723945	1.2084134655480605	-1.2965425185984412	-1.5122183725282887	-2.1763516512697856	-1.8371545773406288	-2.781225505406518	1.2482200118879423
0.4784596018610412	-1.7942311110122984	0.7772510256640652	-0.7456651856475753	1.9047156362205888	-0.4463661991295543	1.3339807643140986	-0.3607924804360606	-0.6537859184994601	2.8284101730946287	2.3894133935374664	-2.5275109301117733	-0.147910071431463	2.5328146595709127	0.9317983512330872	-0.8741008930669586	0.3257686886351666	-0.2154996420287523	-0.8215638288617949	-0.1344576484263563	1.6984068107926944	-0.3737465183880198	-1.1204808930745354	0.9733356586902004	1.4777331887934664	-2.663125851946388	-0.9528159269001648	-1.1117585438401247	-3.424886379757993	1.1979139069113969	2.9891307729499896	1.544234175986858	0.125405475330232	-0.1291887389498578	1.0698466087922407	-0.775737099216614	-1.4242902200384155	-2.608165051943588	-0.2810526996927627	-0.2589435792590175	0.9062031797681318
1.031809989624409	-1.4878411414337405	0.5132322680422252	1.3020146452801429	2.865162742092938	1.77050370218967	1.622874781042952	0.0153625511002225	1.078546362229453	0.0015918170330485	4.391447015190902	0.3151792109220525	0.5209617393345692	0.0729861575380641	-0.4695814952710753	-0.3260708239347364	-0.5824340044656605	0.0030378609680593	-0.8252431217514317	-0.2786641861105206	1.3751183419106354	-1.1326004911946828	-1.3896013989111269	1.2866815214804874	1.921236060084049	-3.165925926967119	-0.4471720509364085	-1.1285328492808846	0.3214897850301679	1.8618610761554528	2.394576847811747	1.589651647350226	-1.0453106128484302	0.7859865089061149	1.0380790729099367	-0.7475658708864525	0.4516629581419905	-1.791742587958229	1.8594409710642772	1.7376684325312557	0.1394930475948607
1.5881551349294314	-1.5727327080967406	0.2980448300942412	0.2598815699590904	0.3147884205672878	0.9502907966761386	0.5324217404471944	-1.845877090747626	1.9044516971805263	-1.4289522156512835	1.1472925336424438	1.1375413645372314	-0.8772709713611813	-1.6469318729080622	-0.9369513620043914	0.5592486133871474	-0.7686072893852273	0.1624303763835752	-1.4418365650084048	0.0096764793376867	-0.4008699724701983	-0.7390907627213352	-1.5626563653634928	0.4349055330965718	2.183341134014303	-2.220880180665574	0.1436994740497337	-0.6196122202171468	2.245946838386533	0.9781971613345756	-0.4483860599396639	1.560178981900428	-0.9236660265484395	0.1255215355637256	1.0646602472430424	-0.8147897344723339	0.0224503230682805	-0.8511042069074506	1.1121113761345285	-0.1828624192739115	-0.6174455471073079
1.1460064421344338	-1.7664881161456722	0.6472601204174795	-1.874380166528079	-0.3684186354316284	-0.3061164138524579	0.2069073858752284	-1.4192715617543443	0.5256461578423075	0.2266709129265597	-1.5861731312667966	-1.0677718628926254	-0.791923392802573	-0.968387933872094	0.8429509299173097	0.3299509107087901	-0.5159252373550984	0.2919733960949245	-1.4392449032770636	0.6253069903005273	-0.4654049157779326	-0.6517547102229453	-0.8678959774725928	-0.4469911633089889	1.383228974366621	-1.8547841473476707	0.2398729869656941	-0.3964717137938567	1.2324879927158818	-0.4491967275921805	-1.1714285613949993	1.3540253941605735	-0.5894606299566142	-0.6059910364822394	1.0843939070916755	-0.7106457961460246	-0.9773657202500224	-0.3045729089483282	1.0317009053694917	-1.1430795766861197	-1.1888823973757632
0.3317709670654633	-1.052445764318984	0.4445121028248494	-1.7315112076776382	0.3044458474604918	1.6700595980740605	0.7525048569821386	-0.5030084108317624	0.5944087811920274	0.668575338687612	-0.791396919005516	-0.5870593218468135	1.1109583650584116	-0.7366439369237505	0.1060859630792829	-0.5682679326319044	-0.0677028709227049	-0.183411110471655	-0.9168492296647826	0.6695244659789378	1.3327527805437784	0.2000036318153855	-0.2098662202095968	0.3350116683117975	1.7297626335747198	-1.3226150704305972	-0.0812112014014536	-0.2567056171187566	-1.7123025370656046	-0.622341600791304	-0.2072375935935639	1.2361955026273546	-0.1422521390573001	-0.9244663955563612	1.1018584175993242	-0.7496990136135457	-1.0166507212916551	-0.100433412618018	1.904764692385956	-0.4815627769419965	-1.6989833576671451
1.116399978204085	-0.5799299081588813	-0.500439829844557	-0.3013025549603543	1.766310490594387	1.2830663460692326	0.1254961515610313	-0.1335466179972512	1.412511289034085	0.3346471550580394	0.1647987890696448	0.8676475288995646	-0.2296906194905547	-0.7674570864625092	-0.8481104758626296	-1.2693732345664974	0.8233677362725468	-1.0606854002645305	-0.7329747130242688	0.4349610297580129	1.1181067876417647	1.0493271251614973	-0.8034385154895749	0.9328440717053172	1.974418440574241	-0.1851409161001504	-0.0371075237892328	0.4910224659721641	-2.0863586200159805	-0.159425757149666	0.4666447490511278	0.8493429024123373	0.2627405197138373	-1.661782646261145	1.0867568298928911	-0.6965844509898114	-0.9838644199191208	0.1031232902451679	0.9829114684790172	0.2743396263595204	-1.3865245769941072
2.5338559511322387	-0.7089627332925534	-0.7213588464769494	0.2147468744766562	0.5361170313620869	-0.5701621723273089	-0.7214675131630033	0.431669477025778	0.8544704818789268	0.7219311840953182	-0.7573683375987954	1.5161283270690515	-1.7825218214547225	0.2872583635390207	0.6289368903319021	-0.6754882365212429	0.8780703478162469	-1.1948812044019474	-0.7174706256351695	0.5558029801990945	-0.6390011494803546	1.4019919208862497	-1.1175614524582642	-0.1919545230428954	1.7739220303345025	0.1002111942457471	0.2790242900897238	1.3082996770433273	-0.9162643018172276	0.5561104659584117	0.0476010921575681	-0.0282478518845584	-1.0460928210482632	-0.7184649021750739	1.1181675987064708	-0.7880494440112263	-1.5204473122193751	-0.0185043212273559	0.7921926064047184	0.5292347291705419	-1.2874896977584205
1.2535723546350963	-0.56928054263322	0.0519416592317856	0.2719774071738305	0.6281986703913287	1.275272630604237	-1.1282507540090991	0.7320313028010637	-0.0263886360247445	0.0762233363507513	-0.9294923593531824	-0.683864445870349	1.3498647751461337	1.392385162480066	0.5044838525608267	0.7376194615158793	0.8540660857736232	-0.4768890815438911	-0.8713403848283269	0.7012873962833862	-0.4972374711060127	1.7833316095490634	-0.9987945858175892	-1.7019786820758849	1.4677676959302757	-0.2772699876466251	1.0386311483751218	1.4168565325244658	-0.5634058052640178	1.1363597863242518	-0.3941756813048606	-0.7333701491215566	-0.5823584242853127	1.261568597344621	1.138320589011565	-0.7605337493404498	-0.9278952912342404	0.2888642615706884	-0.0522828064103266	0.8345666156153354	-1.4242800436841432
-0.3971343548150702	-0.1542095671086325	1.1566283333706706	0.3128767801320918	0.293372983447756	0.7462031486033481	-1.0424204399172536	0.8573631581785081	-0.4890401641295773	-0.7598112570685481	-0.1764510915650917	-1.3979129631088103	0.1345633895685564	0.3693496999509673	-1.2796945623124516	1.254332474381656	0.7383587974676006	-0.1742339457466288	-0.7143808819579447	0.7244063968077552	-0.4484944433085862	1.5989388223102723	-1.2051069943901993	-1.8213122172871063	1.5389883237272153	-0.6590712032808809	0.4983826502644568	0.7418580572569677	0.0167079322414618	0.6448342812510228	-0.5933728282495855	-0.9357189803595912	1.042135573443125	2.1458763504999903	1.0981543490831107	-0.7119497157682574	-0.3046944434127679	1.0286146712925517	-0.3243999670209873	0.0527266228159803	-0.5215188157405267
-0.2008646082948258	0.6465343041290507	1.2021362980691896	0.4871327187847016	-0.4818825939225743	-1.249113068249604	-1.3256093654919732	0.7766040747505782	-0.921055411461947	-0.8097910194553517	0.0563813860761089	-0.3784011286551564	-1.7391594394199776	-0.6313470878154269	0.4055371833679357	0.5558173603781612	1.20532406507335	-0.565660518732921	-0.4518989231120735	0.7743059486636269	-1.2730769222025524	0.0318596515782426	-0.6514674476440349	-1.7876787307140958	1.3463263915646753	-0.8632501192434696	-1.202945143324488	0.7120637588094421	-0.4413818399316505	-0.5981900237604588	-0.9742298766764274	-0.9106752148142996	1.3233192966301448	2.5051273865048858	1.0720939081211964	-0.6700955110892794	-0.7544837631087815	1.389778800525361	0.6415531052351303	-0.9373866730219038	0.1485416070107313
-1.191692713553753	1.2314168279068614	0.9156944654757936	0.7477334630255374	1.221757126463374	1.03041423022068	-0.7583840416329013	0.8931085989272455	-0.6797582142084503	-0.1439646323866665	0.2950574462649202	-0.4625566846603083	1.239880298598963	0.3095058760952314	0.4736944170627001	-0.5041131442423787	0.8100945265382058	-1.023427899806273	-0.5420832740285336	0.7540138763201415	-1.3741180267908275	-1.5829283570932349	0.2989569470448087	-1.720874906223439	1.1892690845038785	-0.6836161948392255	-1.6128784816149346	0.7744543682013734	-0.3983322601380909	-0.3413919304197432	-0.5504655341612525	-1.0914507920480627	0.5558357811017859	1.4804442255422343	1.084451344962437	-0.6342052054959127	-0.9674371398413752	1.47900083112588	-0.3320302388511207	-0.5851918127163769	0.104164149552258
-1.8467913870263497	0.9499058061406858	1.2708999011435995	0.8696130160459291	1.1282477746776691	1.2463351868547443	-0.0410499646442382	1.0768304588025133	0.000865557066049	-0.1228240759213559	0.6901864190896098	-0.8504082460991643	-0.5599991959504463	0.9067629042728418	-0.8445277090888376	-0.9823759950888808	-0.9096131745782764	-0.8665746631826858	-0.0597004162711319	1.0725828068035617	-1.7023440620617645	-1.2953339082811146	-0.0382994519352148	-0.2121812004755248	1.7073441682821349	-0.2592316052624757	-1.0341918722990575	0.145293026499465	0.1673113969135968	0.6033022218499996	-0.4219625282108506	-0.9791972583769318	-0.9654577932104806	-0.0883997511541907	1.0857668395895936	-0.6401745605075776	-0.7643074598884844	2.0959254979199913	-1.1706941763356444	0.0170359845295523	0.2055538151134756
-0.1626260763585153	0.022181360284601	1.8496662316997048	0.8449214986560875	0.7533657281421353	-0.2346117744333467	-0.5365872446103	1.0866667879714234	0.0757572690379503	-0.5896813454759424	0.8292635831040889	-0.9556499731863274	-1.107106598280754	0.3605596583476488	1.7404516196109918	-1.0936951001100426	-1.8582634151322264	-0.0208311739748691	0.6065269618732642	1.3865212734274406	-1.763049697731928	-0.8508893154103877	-0.7671530648749165	1.256790623664284	0.660030391389239	0.3416707772721266	-1.0970792108926395	-0.5033581787784475	-0.3465337404067005	-0.3678082168951459	-0.8293862941297763	-0.6148571886919391	-0.4423367862699044	0.4782295133118105	1.0709378566064305	-0.5959509228974935	-0.6443885051507263	2.308542111519206	0.2723545961538503	-0.4285033537043001	0.5102427931703257
0.4068573972447986	-0.0075802636401822	1.809747519374628	1.2654577866591112	0.937545566954448	1.6445445066531943	-1.0124955881749311	0.0683639709557726	-0.2829841039847739	-0.9454521188939972	1.035692249981126	-0.0688846099223199	1.5869884506504297	-0.5351650479494817	-0.3004304356479886	-0.2201483958005163	-2.0588157512974163	0.3257334659476097	0.0626095663758498	1.0986496551768556	-0.8888409711304318	-0.143258290932375	-0.2620056415114527	0.089698243938975	0.4206745955095704	0.8257738269587503	-1.3411938046459777	-0.1281968193203155	-0.338326271156851	-1.8515159191241937	-1.3030603008998205	-0.7089788157663134	1.5921982813409234	0.7699354516843026	1.0822917252634388	-0.5300018260878318	-0.3087147385653722	1.7745537661037816	0.6789299126400337	-0.6908148992084052	0.8028295478393799
-0.6777026165607946	-0.056919667140038	1.36882530334536	1.5416177962510655	0.2080240491976488	0.666498897741058	-0.0422194747102124	-1.3840990720488335	-0.4039438015449619	-0.6809666808944136	0.5232229755601195	0.1967610654090447	-0.4673939831434689	-1.845033730211731	-1.4057221941945002	0.4471402949798022	-1.017069443530212	-0.1383605913846283	-0.2601208908017236	0.3634792317232742	-1.1313686623730732	-0.4333741773176068	0.0936707090415027	-1.6044638596692813	0.8824766022224441	0.3703152258457672	-0.8276349490132583	0.1019144510786783	0.0138332660270069	-1.1265240614846692	-1.0645114364421528	-1.06178895957449	1.140858599658818	0.2340516969493242	1.059991218392945	-0.5426891857036001	-0.3390626075155911	1.148746516439063	0.3078837823935997	-0.4116868937438456	0.831006331388884
-1.095256187412018	-1.3485194584986355	1.7746526304352352	1.3352437018828691	-0.675206386118321	-1.5509921544985723	0.3738345503503354	-1.8513793295875385	-0.0130152093447826	-0.7931399205064057	-0.6823057807389264	-0.6390940779659029	-1.4841323204661852	-0.9149855739822788	1.2196005320803325	0.4413284642653796	-0.7836857084621863	-0.0043364266955069	0.4137621797347199	0.6066186707971648	-1.5157435614859462	-0.8597239484007118	-0.5744420198518759	-0.8700035303950909	0.4159946224330541	0.2011135286970071	0.2564132034045583	-0.6289836439648276	-0.3541813506339574	0.5621188581351977	-0.8560135598143879	-0.9907294358197364	-0.9152810649197928	-0.4286738477985636	1.000932747340159	-0.3990770728571395	-0.3448430432526927	0.9520708973564104	0.6058690484927497	-0.3597359193041992	0.5994245995756009
-1.2547099540718123	-1.3391345084953388	2.4027625950724913	-0.7809633580806877	0.4693758753401599	0.996227494462224	-0.0440120160892797	-1.979679538282081	0.626507454034738	0.036525959611547	-0.0226014039797117	-1.3884813384655086	1.7278581804487327	1.2635014701314766	0.8020310924886549	0.1789491028989541	-0.968183273311992	0.4267414910608169	0.1546440295709329	1.2043731792762573	-0.6674955135115623	-0.3120860199731582	-1.0739167959216418	0.5794672793021204	-0.7071681873985217	0.701136926801731	1.3675345877260463	-0.9750387921612752	-0.8245492313956612	1.0695304302024191	-0.9727125410042304	-0.8039042685324954	-0.8118130528744687	-0.2524994534956664	0.9739664380639468	-0.2111241174433901	-0.0054651357296449	1.4416461926149349	0.4998847628986754	-0.0409306956539016	0.4471719479450154
-1.183157919650782	-0.2707093939809585	2.6366596814229064	-1.8240343926773317	0.3390233854945869	1.313134118126583	-0.0764167388901583	-0.7711753364080401	0.889961454722967	0.7964148343309155	0.8126074654676378	0.4797858987798101	0.215004240399549	2.0057255774302343	-1.2063922856674951	-0.1795584142606477	-0.609662378916303	0.598425003095379	-0.0200683394335313	1.828065462466576	-0.3343976348308489	0.4305585673550701	-0.268483675440569	0.2749198784877431	-0.0643427055744763	1.2011263792706086	1.3671473707747723	-0.5057372273914694	-1.9917741712845447	1.1100927869601551	-0.4614110469564879	-0.7301732519988828	-0.0531391855761097	-0.484937467856107	1.0013624208869514	-0.2990026386351252	-0.3815715094780973	2.0823404894810835	0.4082892687729063	0.5043385818217088	1.0931226143138764
-1.107966245402221	-1.1835507327601835	3.035854123696738	-1.1832141777777452	-1.176432645320281	-1.233534973420009	0.0329924361253393	-0.2774296891362374	0.2843169385355899	-0.2153176668483629	0.5523811161376955	1.766929367518114	-2.004725165886863	1.3370853005490109	-0.0301497062902711	-0.1452074609175547	0.1930533492560807	0.7709958953967447	0.3347670345799328	2.345534792397229	-0.3413868160210456	0.7035412822841334	-0.2870386649853872	-1.1776825830529143	-0.09463863641962	0.6163604037739118	0.1781998125605774	-0.5421146487780746	0.4163832599752838	0.3261978917246876	-0.1284724071242882	-0.5535770041677983	-1.3586936876391928	-0.7505471326298562	0.960921032831426	-0.2974530737515116	0.1199884690933961	1.6462897185152614	0.197816275269472	0.5203403080166255	0.6996011008587306
-1.427849431290813	-1.4598497051060415	3.2026634294875036	-0.7316685167430763	-0.4359274361056512	0.5029748458456935	-0.2199057809430401	-0.413947934819231	0.1525995197899196	-1.045968927432324	-0.1506310764570482	0.2473197304029726	0.8891643135225745	1.15701244110438	1.6829447411711405	0.0766549972438224	0.5297584097703955	0.9251291987421952	0.2472224982811126	2.022386868716	0.1213377830980792	0.845884979826672	-0.772813725711303	-1.5671229677243348	-0.8328991089766303	0.6404668444229366	-1.0519637742227244	-1.0233008432030437	0.0955301077093195	-0.4704554417752769	0.117520468800337	-0.4821603721372284	-1.298208118321841	-0.8313110929957213	0.9726874371462202	-0.2381186811103048	0.5226178589683056	0.2195780624921693	-0.454604089507906	0.2136796758068849	0.2822933433144637
-1.5969614911701877	-0.453432893009362	2.909557386922761	-0.4304976016622178	0.2570471935449226	0.9857396336522202	0.5756107998367996	-0.0683295642663602	0.5089150547404304	-0.2651886938154083	0.0100132482696223	-0.5534251092829676	0.4826985869065323	2.0747305780174417	-1.094513125538059	0.0299294202289381	0.6598461821920492	0.8166289250084244	0.3765981912610558	1.5369754261957114	0.0057001143996965	1.3261283785879734	-0.5930064632785403	-0.8403758607797577	-1.2338475185998246	0.9827133258080892	-0.9265034400473988	-0.6122956496926858	-0.9725802916726536	0.2463840339221804	0.5459317353403558	-0.6365540851977443	-0.9131094879519436	-1.223900932428241	0.9534981751570532	-0.0917270401228204	-0.0764223848018467	0.729347855869937	-0.8821114178655106	1.0550117715701055	0.760858005069134
-0.6641610847978021	-0.0391136830312463	2.8049233220503735	0.0152034748649332	-1.179616885977476	-0.8732243511813109	1.6769212608100914	0.7181303412119459	0.3262819475756864	0.1703076135308465	-0.0647688113809477	-0.2305390015421932	-2.0577185732224934	2.226873064268004	-0.3645646629317686	-0.6148482201106973	0.8981865932411505	0.3335743122821641	0.7927466763275637	1.6250638833737632	-0.4344974500418722	1.025937253467494	-0.1989409044829825	-0.3443706235656786	-1.2130953981589618	0.598832861087054	-0.8384334323486822	-0.3100699758221662	-0.36099589785493	1.5811190807356743	0.4735663387206916	-0.5872443092858861	0.1337038385836033	0.6576080563857105	0.8938625929130061	-0.0278682508171034	-0.9278951298517912	1.9167260366771657	0.702581333266675	0.9916123675843452	1.2983546931144103
0.5406591494054848	0.3998447724304368	1.9662576551733535	0.685198424645935	-1.2087042851177394	0.2196013250819709	1.2536297177036146	1.1781400135310778	-0.3606347361162543	0.3053405675024532	-0.7640882475191796	-0.1860096777190289	0.8749089777982256	1.1089807184324352	0.9252056775639932	-0.6378283486223537	1.386972393662173	-0.4004145455225718	1.246208388049037	1.5199801008045932	-0.6993216728112391	-1.355058220069682	-0.2209664049147647	-0.3456032397942258	-1.3619405635652244	-0.013349089241174	-0.7759842829300511	-0.4450431324289033	0.8882074008324305	0.8439709863544985	0.4328351288781709	-0.4756038065890176	1.0482048667753403	0.8248807769483814	0.903316727098053	-0.0601568885657487	-0.7822035724978778	2.2250831269208464	1.235678271615376	0.5105620924140707	1.564081551133939
0.2012787123302219	0.7264833437988498	0.8287040876732895	0.9970066061015436	-1.5519004696622396	0.8933808384295548	0.2210844795483397	1.332760492781781	-1.1800703119833895	0.6019616081184849	-0.9895486160028464	-0.7092875451786227	0.3196611776654382	0.6734715086330122	-1.3234561181572682	-0.0435293451244167	-0.2895952340906815	-0.6886388726100398	1.0402953661918064	0.8985098006214615	-0.5057491907391584	-1.947267770449134	-0.2621001617250463	-0.5985194479197438	-0.8930157193150363	-1.1763012411252676	-1.220984473013748	-1.2090885663748585	1.017478482304012	-0.3191230592221611	0.2069704198587064	-0.624511755430205	0.0250752977148203	-0.3350619188370607	0.8882941390160846	-0.0398714154445202	-0.6267359616575647	1.2387505397880254	0.2448428821078808	1.0455560757600686	1.3457984093622994
-1.2472185315853768	-0.6687595590223816	0.1053307973400356	1.1067549942850368	-1.528303019643766	0.1758115320144895	0.0149639603104736	0.2617009466246251	-0.4987274111213626	0.5927193789722697	-1.1974943524392487	-0.0217831934294052	-1.4772540649027577	0.496161515336296	-0.3007459540669986	0.5316078585372633	-2.0847224759488943	-0.3692086597834448	0.9281014242052086	0.7021458773612463	0.8513668119068877	-0.3986455887869465	-0.2963477919181575	-0.0296968676776716	-0.7017992451532644	-1.914724845379569	-2.180426660879506	-1.082072994230011	0.0530472750110581	0.3078987850418234	1.0719286671906565	-0.4517266733966847	0.0316356709243635	0.9290002557096996	0.8414417531035716	0.0498048854216305	-0.7903432524741558	-0.6158938208783837	0.723178546701153	0.8701864431758165	0.1611347352473397
-1.462435508302259	-0.4850525137347841	-0.2615646311951221	1.2814667201577132	-0.5607694572714987	0.7675493852013788	-0.909735667141051	-2.169716277939587	0.7888210197642213	-0.1552329406913447	-0.9871909686226716	1.5866907715993086	1.2727440640827576	0.1489871786141554	0.193012289879072	0.9514766742797236	-1.0258405005764315	0.180704712298407	0.6882082689445006	1.1856707263929722	-0.1919422458668359	-0.6260103617631217	-0.8466602401730872	1.1478575682532304	-0.9250086843620648	-0.6161451526083703	-1.493975485484723	0.1333267094069263	0.2501973444448879	1.0258757387940556	2.4519184044352484	0.2956354468185921	-0.0584708398157252	0.3891282849686598	0.8257165569761522	0.1183871380866773	-0.4254871645561915	-0.2375937457943918	0.0630567087016697	-0.0077110623645666	-0.2765949766887814
-0.6608529696269857	0.9882763657552326	-0.4585475730215022	0.7752749669185782	-0.9248596673374182	-0.3495612514939453	-1.2236885559709838	-2.390551531582386	0.0135437874268152	-1.636298767333966	-0.6136766246723566	0.65611240074186	0.1300576702472113	0.5361067491110723	-1.3664636341361112	1.206685821214866	-0.7985780782305528	0.4538305354773814	0.3785970457768383	1.657557757940479	-1.4498888508506	-0.594647818784404	-1.1165355896903475	0.7556449293564483	-0.6813137291619178	0.6749637899369546	-1.2506904681121798	0.4464521485026381	0.462036233122934	-0.0524041115501509	1.3045296571106058	0.8153452302363702	-1.3246970251329688	-0.4630387707788274	0.8079015935572609	0.140549050763276	-0.0291544903898195	0.2193399946851168	-0.6154732902033041	0.0392253883858458	0.6347070247351687
-0.4959392787716636	1.0350078763531358	-0.1477007909180752	-0.910774156576169	-1.1699209017223111	-1.4093714644447133	1.0649360342238312	-1.6191757622329184	-1.2953280408767849	-1.2738739721825798	-0.3404594295126534	-1.1465305177070648	-1.47997804778122	0.6889353691998565	0.3620940987151957	0.1510416014270304	-0.8515414078917031	0.2786762220267565	-0.0877471049644593	1.1861674865805505	0.0617540962894812	-0.4938840755294304	-0.5228861546983422	0.4835163957396008	-0.7386897906166155	0.3656198981343609	-1.6995170754769922	-0.1583172500956249	-0.4719338616242579	-0.8896850546788758	0.1629677375557668	1.0647791857364055	-1.887930826572659	0.2383358728879831	0.7526740900293521	0.2456011444049036	-0.7719168912074618	-0.6873264190269698	0.2111992759548951	1.594830820910896	0.5405054823714447
-0.6388726436995374	1.092109005413091	-0.4628204734100592	-1.7474278080135843	0.1588906118483514	0.305571678377347	2.4217457451040523	-0.8444745594065285	-0.2772785383523403	-0.5413894000803263	0.2164101865831374	0.1973109963296351	1.058687580937962	0.2357104872154358	0.0147339487981117	-0.8989240566235761	-0.1084142066109706	-0.2427793170306904	0.3010107637759031	0.1748878950232148	1.8958704934603323	-0.0585789127325496	0.5336565979874451	1.179328431695689	-0.6214914640054034	0.966271240724927	-1.3207072179059405	0.2767604882492482	-1.6508810964993923	-0.4872851084929708	1.057331417756462	1.4470430601363238	-0.2141219996146289	0.3122538221836597	0.7728175075027616	0.1604066165815529	-1.4131718430054057	-0.7046283133573787	0.6104549260910429	2.114312305727292	-0.6584988512476303
0.2741725059922403	1.2570140816762203	-1.2917304762497324	-0.8656482862103635	-0.4220462121509111	0.2052745203214965	1.0176893707504406	-0.5403916713360206	0.9662839142971408	-0.9571828786760244	-0.0674326749809769	1.7529858185694167	-0.2526985114427525	0.6993644813658911	-1.6835349067082188	-0.9346712610890144	0.7601160654867715	-0.4583857070855158	0.8610411323693978	0.2900034456565824	1.5279772675529075	0.1392221443923387	0.6107744083617632	1.1575664334627196	-0.3175032350997078	1.2155686428485937	-0.7956017646986471	1.4266475265500154	-1.0996205489140072	0.0609967314973742	0.7368953256675207	1.7504787557031958	-0.1194052053000728	-0.6276378183509971	0.8161296187665034	0.1449083009572951	-1.2453585389433497	0.4611103141491426	-0.503183584532837	0.6713632124620591	-1.5352455825102431
1.0577306011947258	0.6314397353545941	-1.3212660478449512	-0.6501664342426723	-1.114081125751535	-1.3912786079512958	0.1580160420011841	-0.3522188315663055	0.8600371434412738	-0.8029937123108014	-0.0105696675530349	0.7216816406333871	-1.414970163471969	1.4832403888191066	0.511011175708616	-0.6951630845066852	0.89200245448121	0.190125007650807	0.7093645711682808	0.929796494648676	1.6648158968078852	0.1311457146975231	-0.3853258228877015	0.2699353687345046	-0.4819753009598042	1.068582177379818	-1.833362930837592	1.834337117021024	-0.5573634664669768	0.2929639069710653	-0.194454881500561	1.8026528407781963	-0.9872927713986644	-1.066935141250963	0.8151058033734603	0.1314820915716728	-0.1527433215741637	0.7477118971292659	-0.3713765504863784	0.5289108755752824	-0.907118188984976
0.3511587183683144	-0.3111514104745374	-1.019114284460985	-0.2732370151530812	0.4948477844642842	0.2099924378775048	-0.5796944767159999	0.0179874911327633	0.6932081873106428	-0.5248815136541605	1.6330348065649911	-0.0778766954237955	1.3692301114423109	1.514462854823588	0.2899691481108482	-0.561941060015822	0.8296518121119804	1.048192275019302	-0.389430577291949	0.8803565484865381	1.5056743433550313	1.2158419983018918	-1.0290997670102715	-0.6107317012083036	-0.5285435647977216	1.185924642284662	-2.4019130704681415	1.4111678593425636	-1.4438485406982138	-0.4422217681568884	0.1460370116300914	1.738284407036336	-1.330375678411057	-0.6973268094036842	0.8381813568554773	0.1001396594790856	0.6367416694226985	0.3576996824682448	0.3598398176511673	1.1914690451206411	0.1380138616590036
0.263643928717871	-0.4974902565252287	-1.2570688565256247	0.322178547962926	0.8514522990311757	0.181737255526765	-1.3644476512237953	0.7908896721739038	0.4447392273844796	-0.2219393183167712	1.6892965735279335	0.0087216970160566	-0.504721329571032	-0.0657514429238501	-1.3765983271081266	-0.3100556188952145	0.0018324515751487	1.030257605166131	0.2243310213431744	1.1252135288637528	-0.0121912389441297	-0.0378478758828423	-0.2979453860447753	0.019029266185765	-0.6339635464109733	1.8515646364127207	-1.0966245363700182	0.7194924018506988	-0.8458074849514895	-0.4409831381879802	1.4812902859314758	1.5676782283799302	0.0203843715816125	1.317501722461469	0.816394483782055	0.1830219930246729	-0.1999251225091137	0.3426273398841202	-0.2347492977191747	1.106954112374186	0.61129075090819
1.4862896942764354	-0.4739050850922851	-1.2476922605495506	0.8964998083948507	1.0060613040381954	-0.5858972397468921	-0.8765823877893594	0.9618432180317004	-0.4498018644577091	-0.0001461482766008	0.6562787767848937	-0.1620548531194151	-1.3260005613386896	-1.6925422409351805	0.8810251400905776	0.9310900743999712	-1.4188531692659732	-0.2316317233165794	0.7636380995325618	0.8995168743011066	-0.3426482788875859	-1.6613738615694558	0.1380479649943539	0.212580989031326	-1.0504554666713886	1.4176818685879335	-0.3111987577595492	-0.166409312183601	0.8779456860566609	-0.8608818857959554	1.7971789850591602	1.7001841665759525	1.1076217080131343	1.078978142269875	0.774494859120241	0.1937709242621701	-1.009114933443011	-0.0963211205801703	-0.1264251386333567	-0.1254262230456181	0.1290111232304991
1.3572122078903646	-0.7582946941278215	-0.7279930275755281	1.507538757271991	1.5449747322879428	1.2820286099446674	-0.0413003272224569	-0.0146916925178552	-0.6600830148468759	-0.6583681639943119	0.3417631403722173	-0.6586694473237321	1.6081848501947986	-1.258757628757055	0.054044722027477	1.9891416585560229	-1.7894687323896918	-0.9470707429248988	0.4727567382067418	0.1533295725033772	0.177779136035541	-0.2766194937626907	-0.5837337003731117	-0.2613093035323484	-1.2845847911930108	0.5967792655131229	0.4468853041157681	-1.1911084507882497	1.4174752076351504	-2.2639408909970187	1.9826435776998792	1.6304761372071248	0.1952200010187478	-0.0136380928309182	0.7632408033918648	0.2428114593203307	-0.6789061341153746	-0.3112920323748475	0.7832313629664426	-0.228927657676829	-0.1439636448934877
0.9781282350459404	-1.3533926283265372	-0.4459030823303049	0.5981132092574112	0.5949348037874259	0.9376213630588656	-0.3708600254637658	-1.552122176367264	0.606689616427592	-0.2593177103883856	0.1640564851171284	0.0329218590625207	-0.0482883267824395	-0.6587585869683771	-1.488766687016189	1.89734753742736	-0.6678759935344816	-0.5619630575563845	-0.1386871004146444	0.4691678922202517	-0.6722702844641134	-0.2507963871781528	-1.0664782062045717	0.0291223066206812	-1.1651742680501538	0.3938032393919488	0.6802479846244484	-1.290542928090484	1.0320668876093635	-2.3823594577841547	1.3631203036738373	0.8003207016489292	-0.3540631292082355	-0.0992247276843327	0.7410233944334516	0.3044063354635719	-0.6521203221102777	-0.5555787428583512	0.1329853016146144	0.5467811524867663	-0.3399345372488171
1.5026202992597844	-0.4632524982902457	-0.4882639332137672	-1.6406799236416485	0.1851718946705032	-0.585127376303184	0.0192965572735394	-1.376113998510876	0.6127452205933015	1.0987098646937263	0.0172336467331378	0.852679209213328	-1.6038058326845674	-0.5118074186043859	0.6088149525387423	0.5754729927366828	-0.353733429370945	-0.0685734419657431	0.1373258876559014	0.8619920396201441	-0.8780506177398879	-0.5905859803054687	-0.3187893586752842	-0.1698533407814469	-1.4914115762163016	0.5791943547483052	0.3289065096778125	-0.1506292018156284	0.6662860096189923	-1.0438384997539816	0.0135254676645291	-0.2535129804178678	-0.4606412506190186	-0.0327898038693347	0.7316033584513277	0.3185291065637188	-1.488175062495122	-0.047275168527688	0.1282772832998168	0.6893757752845119	-0.1048355899259522
1.1733437259405348	0.2805625853938892	-1.266822476126077	-1.621485152507137	0.235592854619268	0.4252012736022798	-0.135560769395457	-0.482221475065487	-0.1165242384758164	0.6270840576378433	0.618724989449716	0.429101569674958	1.464068567951937	0.5864459628082619	0.7069195518115692	-0.6070740450446269	-0.0092272720509841	0.2368685377681725	0.9132166725442042	1.0318481357350875	-0.4927110384544792	0.4933879349858943	0.5858110460351145	-0.2219852650498717	-1.2390202700505577	1.5067715664285817	1.1814433008941732	0.2360287427629167	-0.436664438429271	-0.1987419489547126	-0.6007386198298367	-0.7003749282681433	-0.6279765940816163	-0.5090649509113109	0.7551039553131448	0.338126128721957	-1.0751873779054026	0.7181151600149414	0.8905617191637316	0.8319788551928858	0.2416675159789856
0.3285632076693028	-1.032034164137798	-0.9397617289417304	-0.4911420954406452	0.9278916128314274	0.1953437139476965	-0.5181356573630143	-0.0880812918142453	0.6266658416940012	0.4904571142452561	1.0569833035679002	-1.333473929910541	0.6117506969831349	1.4042542568690586	-1.3305653885859252	-1.1315502143031466	0.5724797317049605	0.5176421493390689	0.9480091148587791	1.36924845987342	-0.2029516565691811	1.6997084786718826	0.1807650695428593	-0.3525781161027026	-1.566913827260282	1.8390589323847224	1.9047016444492813	-0.1227248416876467	-0.8529792093845718	0.7276113423861049	-0.2853492497988164	-0.8148847851696813	-0.1927549293710291	-1.0953152476506864	0.6679520501776616	0.5302120007318953	-0.0263565237611637	0.6234585694568043	0.1560499466353046	0.991812980652297	0.2546087903656594
0.0430753292952716	-1.39485429880251	0.0193507754199239	0.1890193853404859	0.694551209202281	-0.4708135191737624	-0.6787837588459698	0.5118748461570928	0.9132787174124212	0.8800081009900909	0.2419820614554197	-1.3573228487138236	-1.821844704388278	1.0465501473732128	-0.7070681025701552	-0.6755681819793948	0.7868605686011176	0.7041989703977286	0.7050681988505614	1.4766920441470253	-0.652287216362837	0.3409249484579967	-0.0700650416020884	-0.1786347645947387	-1.7489987461260892	1.6573015267564577	1.7067948047787496	-0.2743866305770818	-1.1079178085575645	1.8833232485697624	-0.0726161066233867	-0.9305726270030408	0.1228290526679174	0.3141742946796613	0.6114308974447208	0.6810803951830917	-0.2243050280952454	0.5841679195434498	-0.0522422558918112	0.3529407821740319	0.4264263903561005
0.1153188904581807	-0.0348752577619976	-0.3307941291777054	0.9334828095292226	1.0386329361109552	-0.5335440784647513	-0.860111481227122	0.9922624183164652	0.7901604166451035	0.3159827011811961	-0.5861145402446423	-0.3617596299665755	0.0991042537488568	0.8978533914033533	1.6426058621270916	0.4280488778163832	0.9502612143555784	0.2339660745253555	0.874135206022518	1.3098433449072973	-0.7798374224123521	-2.376363885326266	-0.1577760993780009	-0.8122466485979133	-1.9535166397193915	1.7591148909620784	1.1366734267887328	0.1466260424679714	-0.135115304739698	2.0130762314698156	-0.7087954798655052	-0.9669208687784194	-0.8059753812768724	0.3219803794319842	0.6005765365919009	0.6392148146843062	-0.1318330391998852	0.9228439934878528	-0.3545579575402737	0.2411545358553863	1.329190176522271
-0.5068906445364937	0.0533718405183955	-0.850932554735443	1.4162379031037156	0.8443254984041295	-0.2882898667437025	-1.353559982493571	0.97882202182905	0.4488464248273665	-0.2099100276530384	-0.6446761943263336	-1.398063337366292	1.0455305080394508	0.348295596006124	-0.7229487991758992	1.522525753019344	-0.5919931032231922	-0.1410708853254536	0.7473098099898506	1.1001522156188417	-0.8753173374734179	-1.6651162824511236	-0.4027459753586201	-1.4826722797250709	-1.700224033005616	1.561187070311428	0.1857995977836197	-0.2327305621862994	1.0745363500492642	1.223606424975342	-1.3844543262800784	-1.0144630220143425	-1.4717251539093672	-0.95469376841785	0.5734620529488736	0.6676682599073689	-0.0577294784705812	0.6078588586831489	-0.4238541129179289	0.9938344528687484	1.4198124397538707
-0.6077787796530756	-0.5260440704404755	-0.3128479122692176	0.321212789388265	0.7717456027349583	-0.2877631382648934	-0.4198569343547984	-0.8693491017601082	-0.0418247879647923	0.5537369613771808	-0.766237891300908	-1.911126442053829	-1.1717402501113774	-0.6127845953449605	-1.0966048621830378	1.4185219314742037	-1.5840181400077575	0.2281018344342232	0.7701201484782338	0.1887006664547339	0.2147593711615658	-0.248023947674687	-0.0646675180956316	-0.4719945349945761	-1.0985600811990528	1.2763661835725504	-1.2854758141784046	-0.2654608586595191	0.4242058241057236	0.8887778128052652	-0.6407214087804699	-0.9301564715723006	-1.3044331453471307	0.8045759998688408	0.5885135693543289	0.6906135649274772	-0.66632230244105	0.6036884079348556	-0.8115263506934542	0.5328931053666239	1.1472204986292345
0.4860902625500939	-0.0976888696306363	-0.3688324587565885	-1.440264231175476	1.1270625968115136	-1.0647917931721724	-0.8818640877514423	-0.8256350000237128	0.1665398370801911	1.4789667102949036	-1.353167194626867	-0.1539152294220912	-0.5256937151566681	-0.2029519646035922	1.3707564712140567	1.0137677187320115	0.0146407718388344	0.6334340965725812	1.1588039628541744	-0.7889242519732856	1.9206798454422236	-0.3502304247185597	0.6754520117827062	0.8996643882117283	-1.185466334686215	1.0861264658184124	-0.115056471766004	0.9263388528209278	-0.5229067545692866	0.4785472497949471	0.5226045067082887	-0.6368717350286925	-0.8547136455761997	1.390279181812411	0.5972257640670305	0.575786753803307	-0.9159781726096952	1.1260571549295966	-0.9734922726329268	0.1662702438679713	0.9862552709127964
0.457318715523293	0.7110132477692901	-1.041674715330987	-0.3103911477436893	0.9829281224909916	-0.4278708220720595	-1.4075228255405965	0.1958921816198607	-0.0646581506382417	-0.2199348935307815	-0.6541130573594248	0.1013723390651567	1.3234640134900095	0.0778605412987575	-0.6269503163305635	1.3805291427669402	0.9333754934476576	0.5515847492994226	0.7380659504932555	-0.5624195465107636	0.5143950089657213	0.8740291573221627	1.5052469376420266	-0.1477875834401411	-1.4485425557779328	0.5381062228463365	0.7616130925899892	1.5804950837418197	0.3357867830143572	0.5931835790957812	-0.5557377757878016	-0.7567746624411715	-0.6172192931388932	-1.1358178679163975	0.5850197030628999	0.6346549803584433	-0.1996644352487553	1.688704254474748	-0.7768420015348837	-0.2724326373997627	1.5325628009693244
-0.6528636390386561	1.200515946385301	-1.4822315269774895	-0.012337394731897	-0.1086287649113135	-0.5556802521709325	-0.8781914015785324	0.7687765084274515	-0.1701352905256474	-1.6581232189202697	-0.2813692610601598	-0.6154539874091556	-0.616575802732854	0.1766121757535264	-1.1988194621078188	1.0868491781257907	0.9985426680448029	-0.1671150336152606	0.7330361567476145	-1.0783984299610638	-0.8358708593004526	1.8275808212429796	1.6477546206685996	0.1557051045611549	-1.4206515392691603	1.0983939459415206	-0.1325830468187164	1.396574657259008	1.5789131199439632	0.4145681866897732	-1.3770638945111902	-0.8589073851628062	-0.0033133171096977	-2.3110673235131594	0.5576675983232007	0.6800084410629091	-0.986438071462384	0.9264263136442816	0.0386260477684952	-1.1125370747688017	0.8807351264282942
-0.3576034554121961	1.5847706614338222	-1.6384636627425484	-0.1467486746317925	-0.9099294594783612	-0.6680334403110318	-1.2947243990689572	0.689454969106511	-0.3060666932958219	-2.0490425579241154	-0.369152602719424	-0.2253937325093661	-0.4911693073907631	1.0254278065470606	1.560118258587493	-0.0807575003702326	1.378604052381416	-1.078186572517503	1.061452149548206	-2.0792098669709764	-0.9344116598846972	2.064897506978356	1.5392172107139492	0.6040948602597392	-1.796358646303004	1.69601128829125	-0.4079814801169926	1.1966492642547255	1.4686106080776058	-0.9830497002753532	-1.2419218010982795	-0.6604701882872454	-0.0042378516719542	-1.2719078253965832	0.5621531632292281	0.6372668619389825	-2.099692363454312	-0.9265232487532096	1.004414011368954	-0.6332216334581064	-0.6949818457363659
-0.7023958365613674	1.8783660937211848	-1.6764144611648828	0.2474241396055671	-0.3092334336926849	-0.2718714064151396	-0.7533772579359044	0.8380462608780966	-0.0079580344682198	-1.2745299437248017	0.3595071407344806	-0.6232589292466306	1.1758894785460294	0.9158533189546412	-0.600757674906134	-1.467354264590708	1.4531981669735106	-1.0090135981144293	0.7449739460637902	-2.149610714129546	-0.9057965977612232	0.8618306671259568	1.5232119853252226	-0.4452855662553557	-1.6653130523662858	1.4148131291493318	0.1693541784499271	1.5374606237623267	-0.157449994690874	-1.4503080793248748	-1.0454806542364037	-0.8546178718958141	-0.2364947260283516	0.6582662941273224	0.574505125978188	0.6873907410245105	-1.9839889247395892	-0.9139854804411744	1.1455272147073248	0.633814098593444	-1.174349403713696
-1.572288128434114	1.7783227033786668	-1.2934556212109054	0.8122084059464314	-0.6633289708080025	-0.4119660324156029	-0.211690002218701	1.0420472222251982	0.7999734626525067	-0.6027230649656603	0.1913738160841482	-0.1894590703509688	-0.9678544066337464	-0.3098381715177351	-1.3860005360672354	-1.5382294985878169	-0.3952971969464228	-0.4755047454048446	0.3274772777136825	-1.874780098319689	-0.7322629401078151	-1.630681481301448	0.8235440256216976	-0.9242349107424908	-1.6345981924203663	0.7562061297620634	0.152825691961207	2.118684030292618	-0.4191121052408949	-0.3763722044080537	0.4976141148765108	-0.8796450314017884	-0.3402344194782657	1.3248915315800842	0.5316026493795496	0.8093554737002938	-0.4521239951603865	0.3598710129851551	0.3286083564157316	0.1162190991434005	-0.549395852896936
-1.0730445865345104	0.953728511434022	-1.2378131959048675	1.4782304341665211	-1.3126294163285035	-0.3749235223925474	0.2213066918181837	-0.4798588733498889	-0.0264467050428582	-1.2776411713838234	0.1577540953437441	1.2482295963039445	-0.5185439764707426	-0.9913722937433684	1.778704337294836	0.1677614065193578	-1.582398643521548	0.0741719214552503	0.4057020436857248	-1.8784658188844616	-0.3644490437625793	-0.7182467700117084	0.1727200585353242	-0.6330738543108162	-1.4116321208504228	1.1638757206776953	-0.0432110079889862	2.227917402520048	0.5742426193043418	-0.166472563274645	1.1322977292214584	-0.6493382315307664	-0.912795637903988	0.4989568120432247	0.5258020116645186	0.7701266364860047	0.6202022201574072	0.3925547051012487	0.5771002636630232	-0.0573573911298885	-0.62344417789425
-0.4810021671804716	0.0798486106920371	-1.9963492135774252	0.8737048111756238	-0.3636654785845955	-0.315736014099091	0.7369855008273989	-2.1637252731501384	-0.407596893825273	-1.2833129483661538	0.7967809738758423	1.4553512314524255	1.7615230447570662	-0.1148754221568914	-0.5097012135487626	1.8737533074801176	-0.3804321699461033	0.632976371308787	0.3203805839782844	-1.7333655244404784	-0.1867503486268578	-0.4685509474084193	-0.4295118250015681	-0.4143044633699781	-1.4454132531646473	1.2798664521937235	0.082119801847783	2.139051204467508	1.009868685857311	-0.1309655970954634	-0.7741405686338736	-0.797754717861283	-0.9010895524158852	0.1919259336084112	0.4929600110733999	0.7794802377413405	1.421051132794503	0.3516990372720294	0.4465840305317202	0.8028590344108483	-0.3477923073954733
-0.8076495753166186	0.7505202097633229	-1.9622569116302109	-1.2603220630183751	-1.363055326601859	-0.2117412818398888	0.2048016045419083	-1.5435774286766304	-0.4931009781024407	-0.9720079824652528	0.9954907612482256	-0.0048783310124274	-0.6309631515577465	-0.0344564655175332	-1.049937287314037	1.9499544622920144	-0.2880898593446491	0.749426112095432	0.3710873045485341	-1.545057232681747	-0.7791792360126915	-0.4730853491298917	0.2301833071123517	0.0440477547664842	-1.131566140031931	0.9605877662482268	-0.1157138823465916	1.8176747986219697	0.6715145591658324	-0.6322676306472162	-1.8614346286902648	-0.7990957346175245	-0.6667423787283223	1.0267143365245597	0.4709874297465058	0.821282038028559	0.7201145873514414	1.1145103691497746	0.4977727178276316	0.4635822748466789	0.5906428613629571
-0.6491057570088008	0.8174813071518768	-1.001677349042177	-1.8786893149788	-1.4543722118391127	-0.1335076936256237	-0.0872218420411502	-0.622017158914544	-1.86663022651328	0.1957588226766743	1.4182743573212395	-0.4256643091003002	-0.2871289870454326	-0.0562204576125099	1.3063286339329103	0.3549306906470245	-0.227471572379752	0.5891736103312405	0.8218527842417797	-1.7554074850818724	0.3641257434651563	-0.2884173995588414	1.9178972048299407	0.4206759445412067	-0.8108977739599373	-0.385912563335969	0.1511727656151422	0.9381567910009316	0.0233859852860561	-1.5600767209299848	-0.0774604472646955	-0.6046674503782011	-0.4855598446290803	1.013218494402235	0.5076862589090699	0.7811203582754004	0.1110320449556084	0.7053394835459618	1.7210509545873476	0.8837023900457404	-0.4458110247904107
-0.0962969334709201	-0.5817461018993149	-0.7552527521330767	-1.1477215839352213	-0.2246768580558706	0.0719422371880237	0.5133538010903992	-0.0084773120219505	-1.871994188791064	1.2905615375329271	1.605688530294906	0.8834028752115207	0.9606390355822948	-0.1219117410491535	-0.8895561140267744	-0.5257930220123207	0.5979452271011717	0.1970087131684941	0.8953932434370582	-1.4172497857656634	1.0290979267821698	0.3124877749398948	2.428086696860924	0.787653137870136	-1.0512191297064302	-1.6840581755112063	0.7917575162367831	0.2082502895888991	-0.932547337390448	-1.6150417445401246	0.8050036870369729	-0.566254897953307	-0.1006691729573356	-0.4500290307818408	0.4381969874308616	0.814992536182341	0.6497343867622599	0.2203383871782338	1.2255498163442946	1.8138369886343697	-1.6844323901527365
0.1992622744471064	-0.4980218606619256	-1.6358719293349415	-0.4461638410693327	-0.1242907898121284	0.2140505264749513	1.436799180961544	0.2449559409099779	-0.6235788185308077	1.632896013136336	0.9388911397399772	1.8195897821196096	-1.4767470517132333	-0.8737957644698376	-0.4095509661920813	-0.4655772760130592	1.0989568329371089	0.2154301421303343	1.0265524022909005	-0.7948436952197909	-0.0508493027886913	1.2464240887747713	1.7990275070713118	0.8041820189881282	-1.1204388976499504	-1.3705342897203687	0.4099693444002151	0.8695040912797419	-0.573696055848525	-1.6182185651090657	-0.3108562499607012	-0.4282759687246816	-0.2907263376622004	-0.1258166256635693	0.3941360654914579	0.8648068156112294	0.7274581686387868	0.9840021186276344	-0.6163494502875387	1.3581895172921794	-1.366653015784182
-0.6654211435602159	0.2161861181250429	-1.747459163752768	-0.2511287371580972	-0.427056606092848	0.384418871740349	0.0263793060922138	0.4922846798277857	0.1617596236021772	1.6751084853319285	0.2252580191633	0.5336250105433741	0.66736899787467	0.0887029761421811	1.244232010637852	-0.502232528181236	1.113707953713165	0.6161656972264716	1.0050331362749625	-0.6086726318016606	-0.0501039939970999	1.519344175661658	1.0187075538879595	1.4503984669693502	-0.27606392463164	-0.156686677149285	-0.2398872908042296	1.6496000648875582	0.2022907016004066	-2.0953932744412724	0.2275460733236312	0.2648431568042112	-0.4265237759288875	-0.864300809057541	0.4328338272073818	0.8381105633837825	0.1836420224370279	1.5735030796437144	-1.0179922667841663	0.3911826695944893	-0.5628198195946633
-1.1265987424276611	0.1636486926587666	-1.5244762912904328	-0.2332447972847296	-0.1725778241338201	-0.4658814723544518	-1.5203853609300066	0.4486249113665651	0.5203238075841102	1.815031334038052	0.3106156092270057	-0.5816894385270387	0.4603016322117304	1.2285317334752135	-0.6416066870612291	-0.7288405389169496	1.0541271587058003	0.9585981672921698	0.8541972459893407	-0.9182118522228264	0.3442096400290961	1.319495431749084	0.5306217988561979	1.8651820489582784	0.4034764656244974	0.7017595054593411	-0.4077811933217371	2.0984901998416845	0.3474125295102795	-1.7858347107028918	0.4729491912631625	0.7894614429414836	-0.8314049477886957	-2.105441110350405	0.4273597411595244	0.8274992890862665	0.0536478619498701	1.4169390559640955	-0.973516843731432	0.3312949715894644	0.1811289341657442
-0.8908722663273004	-0.1459038567871512	-1.020355849461604	-0.2504978220237554	-0.5475080649639539	-0.6595002632509881	-1.6098778251379209	0.590313769706583	-0.1977159481785947	0.2208928768375209	0.1471264519801892	-0.5807842642927505	-1.503380282851389	0.5355152592176031	0.1015920513099357	-1.1543445405767672	1.028003399781674	0.821378064516138	0.9434006572723576	-1.3985848070543885	0.2417656852005493	1.0725618856644163	1.0192696297510722	1.5926195584170082	0.5494066818750236	1.3766876480694534	-0.2472315241832415	2.065781734194735	0.1498078424605701	-1.0291775682725148	0.7499445848368057	1.2042195869592778	-0.2348759219234295	-1.139546704553679	0.4159213253977959	0.8346834683336697	-0.2432205451875447	0.8148649326279703	-0.7197875395200083	0.4600326876583406	-0.3239704416372315
-0.5952637184907432	0.6651319317058896	-0.0045628118565966	-0.1493076638745838	-0.5584193886635197	-0.1369655339259341	-1.2910382852856337	0.4797328194264855	-0.6364809422099745	-1.1279001270535254	-0.6814338083339004	-0.7845534032906935	0.4500648867285965	-0.5002384587397758	1.2484400811743046	-1.0261000071982629	1.0398583692819967	-0.156320547004511	0.8892231585108668	-1.8510244889094285	0.2585594489258337	0.9961951394485372	2.360993602003052	0.5354485092094313	0.3887297870544793	1.0481157599660649	0.6341469348568399	1.626623392522205	-0.5246680072900636	-0.578327358890054	1.7454052968362728	1.5958048693739844	0.6012153741485035	-1.0010407639930916	0.3783717877851469	0.8530533556605951	-0.6096896994102134	-1.0274317743246455	-0.5715755534247485	0.7233062623411705	-1.8538873131410487
-0.5552672724068435	1.505348529643277	0.4977492298644378	-0.1695144065151946	0.5278877334107261	-0.0118872549599481	-0.1059586791280479	0.1600218347513855	0.2762383959477325	-0.1576094762592503	-0.7404056531527453	-0.6832624444361115	0.7614980433424368	0.6118847257043935	-0.9750712443007784	-0.1890433218985153	0.8024111052934589	-0.9773251577036516	0.5990555626260864	-1.856257172778046	0.6996751232698671	0.8898658604668717	2.8336630088798014	0.5552702941104992	0.5397595203399604	-0.2772812210467716	0.6387524240729544	1.6060919018764508	-1.0594457171514426	-0.717351671533023	1.177623625628187	1.612731007765858	0.2645865964666608	-2.1313876921279613	0.3602781546173986	0.8599895306401555	-0.8164026524633572	-1.6700305848608186	-1.2130483164253008	1.040824953491547	-2.920786575375874
0.1983957571342007	1.2873040913207106	-0.0989978146285379	-0.458824119741234	-0.0645684209036365	-0.2243620446723811	-0.3551561628558289	0.1368440638726041	0.7145358403115483	1.3914739087593408	-0.4803028436396149	0.3716326599358735	-1.4155882970319615	1.3536361279794953	-0.588464766452031	0.2705361411173155	0.7020563481241249	-0.9058956919569232	0.5974900454101684	-1.499310016774234	0.6000548407078861	0.3973186459535671	3.048417877109456	0.4110169358365378	0.6716862453509329	-0.9436395698536922	0.0120578405725897	1.64724377238663	-0.1528097666628353	-0.8661800488816085	-0.5963339826019262	1.6420835809117154	0.2912434358865673	-1.568806834471878	0.3472401800887623	0.917532828320743	-0.0257733978390434	-1.3297230481861522	-1.4106461777402892	1.098865689277362	-2.703550993197654
0.6463350973436337	0.7973675068631989	-0.6681420908819222	-0.5541783066528558	-0.0471526160548193	-0.0159772206633674	-0.5421329648367399	-0.2299828475340143	0.1648457824542039	2.139104916014453	-0.0082518648666385	0.1613079359863293	0.3867729651512235	0.2790057156795748	1.183027162480734	0.310894163075205	0.6056473805426498	-0.4677864454683936	0.6714006827330616	-1.4858780936908915	0.1140305825316642	0.6504744675616972	2.6761426216725095	0.0047154511559454	0.7683182199753579	0.423053290461224	0.2525931751113273	1.7509375943406176	-0.5666746114652407	-0.8773095706072244	-0.4547323828695871	1.844669156118543	0.8072379938576177	-0.2249669970348576	0.3434663341947286	0.8189332424728353	0.8903477235739164	-1.309589305608542	-1.7821758629321929	1.4444949183801157	-1.979726804920131
0.3044283541337295	0.8236304576401793	-0.2591675838681845	-0.8876445026198891	0.4000710528846404	-0.6552096674980573	0.2883788287340717	-0.4917332565785944	0.8630589646820414	1.279972978016372	0.4336987690081437	0.2634461173488822	0.451002693512935	0.0557242149969593	-0.90927458678505	0.2449383284799772	0.3690733000398639	-1.137143212163866	0.51213285102066	-1.501733253244451	0.3063935463941332	0.9330116890819548	1.1458386808366197	0.3884753926564006	0.8661159261935262	1.0547719629819412	0.8829814630765506	1.480032109810696	-0.1088116673873436	-0.0120680064165166	0.1806435960957297	1.789227338550922	1.903764331202494	-0.0416093529069678	0.3063456068797441	0.7935012917983194	0.5481909607474236	-1.885793024342651	-1.98052841647898	1.041325973090507	-2.3263989184884664
0.6065846381596132	1.8685192629581944	-0.3706319955342059	-1.4418113515179465	0.3529544625337502	-1.3552933109508267	0.0643787717790836	-0.767740321342459	0.8824478370412195	1.371700046331538	0.668708890480895	0.7207648307558789	-1.4128852156602267	-0.3453471337001197	-0.0707991208104291	-0.0705703772798719	-0.2924835203640591	-1.98863145278848	0.4898285823810101	-1.3053274829226391	-0.2045090069115644	0.4226944538173414	-0.1869300197959253	-0.2736687645081878	0.5066178802314277	-0.5279689684310338	0.6008582003474584	0.914178180504461	2.531507208699219	0.1871280730303469	-0.0666064485685771	1.6492586764217814	2.073339311581502	0.3690488786414002	0.2825005985129743	0.930477602613232	0.5102358318086985	-1.3620708931318832	-0.1889993462638844	0.2763977989199663	-1.9799071487649065
0.7030808364724764	2.6093533376625264	-1.004041257425678	-0.5103385120219912	1.0464234062838216	0.0327669422250275	-0.2662648211048817	-1.5317959989530017	-0.2891448767667028	1.7756399096062423	0.4859062613041945	-0.6041748541160102	1.1823132195936337	-0.5551802509516429	0.6851554406773672	-0.7125944214787755	-0.8969185794694957	-1.5577389668438526	0.6555550919339027	-1.5668404838004697	-0.0940306247496197	0.2581854215392296	-0.3162067852226189	-0.9387979703420986	0.3404068149635737	-0.6019078409151911	0.7623937647690667	0.7143517981305788	2.049231887179579	-1.2543801831163557	-0.4873305262528714	1.5113948967400537	1.1007681708611463	-0.1446162285552068	0.2871623249453679	0.9767024215790676	1.0426014614277448	-0.2824163028493925	1.571298456571806	0.2622935972233035	-0.9825932264241696
0.8390807192842058	2.843478509225229	-1.0995564734217151	0.6391454288373623	0.7206619422381851	-0.0910385981047715	-0.2458177484983972	-2.219045162538249	-0.4678155566474558	1.1799210865784548	0.4808196856899381	-0.4619361813507749	-0.1555945290067414	0.438427492479419	-1.0731909692199832	-1.5851274011881389	-0.7171884800517317	-1.285445859643641	0.7511103860134194	-1.78615003456414	0.3209726128026456	-0.2026190595634235	-0.004528977921896	-0.5073763667173175	0.8312874138652884	0.2566703543924973	0.5139491808452588	1.1898031932437594	0.0007772498417967	-1.1841236741376635	-0.2416890377038726	0.8263040410711461	1.013225803773745	-0.0845532297923179	0.284732588909835	1.0044974674782416	0.92002045321119	-0.1873213783029549	0.748527780968414	0.7823643809768798	-0.7275484164401717
1.657168047570721	3.02177224430251	-0.921834934155938	-0.7523539484173608	0.8280342935540016	-0.6806240053105518	0.2191741971952591	-1.898098039482352	-0.2422477301935953	1.4501284017886824	0.5829966829083679	1.1039095535432122	-1.1651003493202523	0.2301799282228948	0.8790632029090474	-1.9219531654314872	-0.7770293859514739	-1.5236418248143495	0.6971720871567403	-1.3167751489475503	-0.5963640518989685	-0.7249390332547179	0.8221875681397703	-0.2955243470984791	0.8148875157305651	0.4706538657897887	0.3655532564888987	1.636193059160212	-0.4688544598802943	0.264513387746861	-0.0914922690485571	-0.3102281127682466	1.3037354178410916	0.7991273860599829	0.284493895774017	0.981429131302154	-0.115106873380711	-0.0292623545039196	-0.5518020495797039	2.500223710670989	-0.4907583252438395
1.5396525255697198	2.0336876757270916	-0.8716378917451295	-1.9159153842008705	1.1186469594087978	-0.0972038872883295	0.3606601341694172	-1.115084117737419	-0.3081689411436657	1.2545855727647768	-0.0979521498746922	0.8554993036202742	1.131518148165677	-0.734205543788036	-0.4376833693278109	-0.5326771116023842	-0.8427451980962021	-1.4916917444696605	1.0204334255076026	-0.954770838232196	-0.4643159423638825	-0.0901591188499171	1.92152269615255	-0.4262123298242943	1.3786132503774255	0.9871135709891712	1.361857286893867	1.2764640272899512	-0.0426333241437187	0.8023309686999788	0.8041467139771792	-0.8433705923218416	1.5540025226537488	0.3727096123562331	0.3215188619434523	0.880306702731647	0.5420984486668019	0.6250455723169607	-1.757891581589422	1.7431682208586656	0.1507169324489481
1.286869445885487	0.9652829868671892	-0.6300452806298819	-1.678299447893851	0.7009791707581347	-0.8958173155446418	0.423902028070484	-0.756851793496708	0.4694386909740491	-0.658303095657768	0.1609797601430319	0.0998851941676229	-0.8172631623942979	-1.0054815852133516	-1.4177886262437018	1.548087815870604	-0.5051988045618085	-1.1538801066242603	1.1419209716159686	-0.5122733595479013	-0.0593564121161418	0.1046892573496648	2.027667505962508	-0.2277279306641495	1.5026986548608166	0.6207740457914531	0.9837916598512648	0.3233207748809031	0.7405067867787297	-0.3340673141519679	3.080741582546932	-0.831446272658825	0.7960685915698806	0.2257365585121852	0.3103964954788666	0.8953434775147724	1.336715891747314	0.1539828423791032	-0.8405453161357697	0.1070451128013657	-0.0710350747382111
1.7231440959150828	-0.2484497367407341	0.130503748168821	-1.701454196991273	0.2429589268372375	-1.2627686553349824	0.3819205169977991	-0.5617927678168949	2.038340581748822	-1.4922620932972337	0.5284126453336527	-0.0315659545089645	-1.0989480234119515	-0.9466989608572282	1.1153862699564914	1.9665452768392204	-0.0678436428323053	-0.4289367449289927	1.0175150405796298	0.5751671797752445	-0.4925425734500419	0.1287313309466812	0.6183741877221236	0.6610888477304578	0.8672113599059829	0.2498417245224319	0.6021303739134644	-0.3254959666507011	1.2012416298530917	0.1035485055293431	3.6563721617322607	-0.7317747070898218	0.5966944279934775	0.448455142166281	0.2718392393345216	0.977748767990826	1.2831236126477303	-0.1481109705236255	-0.2380059818892732	-0.0045768071319699	-0.7454897983341824
2.0084012267693185	-0.0997106662154787	0.3279247574498719	-1.4592965710797026	0.0146359370749757	-0.0845186509525735	-0.0297519968498111	-0.4581357189258834	2.0241029652390243	-1.1699036324682583	0.1082445569236539	-0.337412682798433	1.7876533468711209	-0.6300883185982314	0.2678927892683719	0.996672913504992	0.0812556083321783	-0.2356133196511189	1.2050321963076014	1.377158561619756	-0.5051475815960412	0.6073356604106047	-0.3796645053112678	1.0305249053847307	0.2885461998619621	0.760860951244094	1.0376580820830386	-0.6015286255185595	1.3108584532373102	0.9588634083944008	1.2959434918413488	-0.7977512360589307	0.946797025840732	-0.6024645972331354	0.2251010431758361	1.0201345851353476	1.627853915308875	0.82384069126642	-0.7339038833111355	-0.148001071554008	-0.2151285502904862
2.094627427607862	0.6280160789562053	0.161357782620721	-1.5181023767250164	-0.9400402657736124	-0.3207170074723495	-0.0503769667017141	-0.6010570354263879	1.5220409773119157	-0.9703248491817194	0.4475912171369671	-1.56376173750562	0.0073049779889606	-0.6376711385829363	-1.4275238002217694	-0.1829926035086937	-0.2736837230648315	-0.4751220693683416	1.1949522245817583	1.3595064847690908	-0.3966098211605156	0.5949582939448761	-0.5889433643292227	-0.2410675371871911	0.4860183700050176	0.701828903273599	0.8150929221786748	-0.9620867958464312	1.3658105984085969	0.7649851101436299	-0.3239772685362794	-1.0454017505756337	0.9193254845194078	-1.1673713096918217	0.1947956725476124	1.1276942828457124	1.7265615976687343	1.2713547154486151	0.1818982978812521	0.0795467509278949	0.8483459560013549
1.6029445357843235	0.5276413941251343	0.1882685056601135	-1.63822749074098	-1.1267802000401228	-1.1261985764396631	-0.0901578684646474	-0.4275458676732468	1.651320484920085	-0.5879639840020465	0.7042587535988997	-1.1759602178587472	-0.98956984904276	-0.921416274574468	0.5400784223990426	-1.7660520189554776	-0.0160659426019048	-0.4611367985773875	1.5241662972432946	1.272643147894506	0.2467068685950823	0.5400606365194447	-0.0425574858448777	-0.71463633875433	0.3322598016636011	0.2935150461610809	0.747337032685072	-1.1279458854883135	-0.8294741546529789	0.6714556138568742	-0.3054149600461477	-1.088603867565066	0.9166571037194784	-0.5817191145793298	0.1850409784810211	1.151806129966001	1.7279734177400774	1.1334093640179363	0.9422927551249998	1.0041513235701556	1.430699763444674
0.5057736384321854	-0.3468001682881821	0.2324482062924525	-1.1828885357266148	-0.7605604390610963	-0.4813773656402944	-0.641971630285689	-0.2314013136684138	1.331435373643146	0.0304817631916776	-0.0701575047891366	-0.3583334662631592	1.1785137636297374	-0.6973236163140015	0.1806628677152103	-2.571313578122487	0.4615142209871609	-0.1841934335389752	1.7881992161145115	1.1202475412435935	0.8480533472813768	0.7493933876407339	0.2097882874046875	-0.1524123832743377	0.4055982461876794	0.2175247460729937	0.8119924701726324	-0.6171281002272416	-1.0330182716731788	0.6881926590876414	-0.7574585629245024	-0.8095306677193598	0.7610041805853481	-0.5295050098128697	0.2129432025230577	1.0963291623410556	1.7265047027436322	0.6676343996896247	-1.6594508437530184	1.1083984024722346	1.436669072596873
-0.0857158287595182	-1.714602033994396	0.5714524785137785	-1.504645994681866	-0.8511966897722244	0.0337314452640205	-0.4573968320443278	-0.1319153288926045	0.0301446056014549	-0.695119927310482	-1.2426054320066922	-0.99776746995197	0.1146142021752447	1.181196309627974	-1.254477424283012	-1.2853256429362874	0.2340276407565949	-0.1968577154160644	1.8616327102229528	0.8473949896637978	1.400190527373724	0.504014539199837	-0.7403235638547062	0.5162180109072781	0.5570923959719865	-0.6360175571907277	0.3092934751074629	-0.9090663486182786	0.7544240137603975	0.9412420495127392	-1.7459699392506434	-0.7174484426939495	0.9919355001234132	-0.9632538202099018	0.1926400669271899	1.1086410890349947	1.4354117352813545	-0.9633674347686934	-2.4618990580781364	-0.9204636705073996	0.5930022523625543
-0.3077894277219992	-1.509630302265197	0.1800643807920436	-1.6751903145075857	-0.1120065501441979	-0.1933488825189865	-1.477124403913218	-0.2533631558716017	-1.097061039814976	-1.4329020898195584	-1.4922840968602795	-0.4859824012771797	-0.59208003579708	2.3375043108934377	0.5497382435681264	0.3980659664991414	0.1302556394148876	-0.4815739166520092	1.9785503054225844	0.7950226727340421	1.4030715827520903	-0.0076121475138364	-0.5474591923464862	0.4473476476490658	0.6637840416257346	-1.264638121526566	-0.0834698027758212	-1.6374333749680952	1.7191759283920214	1.0458541030450057	-1.9513937825178655	-0.592990647426242	1.9698292228840155	-1.001255019738723	0.1792680658453017	1.0791250903268934	1.497750033151771	-1.6295978032031384	-0.2331132959126048	-1.23337676717796	0.0276612026509641
-0.7514492374582263	-0.8382270967310522	-0.2954311360161936	-1.5773468022691235	0.3416574067100792	-0.2924478341968242	-1.487527421080673	-0.4760586448522467	-1.3107097274884485	-0.9607069494672302	-1.3103639272735614	-0.0228825347723788	1.2929990770079585	2.0571771526737472	-0.4694578477026082	0.8768663899358186	-0.0085125762009181	-0.7670781656538476	2.0065296240838864	0.6552500985088747	1.1348146195891258	0.4996922784289802	-0.0324517830591487	-0.5971390997544003	0.4620627381171873	-0.84423488613619	-0.2257063917399935	-1.7958568435961262	1.694421708219064	0.1968826297705999	-1.769691342232879	-0.6400969351746142	1.738705913855176	-0.6641816164803046	0.1506375632808405	1.051676743847627	1.947421008738152	-0.951317579543567	0.9862329961489652	-0.5368454379376092	0.1022107784908585
-1.2930937689066382	-0.6161259685379898	-0.0630207839680011	-1.6484635916423411	-0.137817128860008	-0.362732229498649	-0.1986135994164648	-0.3627453580517596	-0.9079702833874932	-0.1457540684026365	-0.9945865322768436	-0.1493441205200772	-0.7041056603585676	1.0600031597652513	-1.134921395984226	0.339074361870369	-0.2557979180991429	-0.7708309767340517	1.8338756454128409	0.294917230241329	1.1431134852442262	0.6716357113681506	-0.2214837507492545	-0.370457016720843	0.3767400871911832	-0.5441882845359873	-0.819482547561062	-1.5568958490523526	0.8969710837890533	0.1249408887558322	-1.8385103832043543	-0.6775019233616146	1.3739091498046416	-0.4497270597353617	0.1281101833309909	1.1280624289982737	1.8804577108865217	-0.7218091443969882	0.9267396992344532	-0.9153401499929807	0.3615335841853178
-0.952857440717054	0.7289281042924799	0.0019705366848109	-1.333060206857358	-0.0906131807933844	-0.3334559298293881	-0.0462652970876744	-0.081812844836356	-0.2946287988744873	0.2276172132890969	-0.0508948651410758	1.233770652030684	0.0210211155357841	-1.5211333770014877	1.6026369191304386	-0.5598833357744946	0.4155962201079956	-0.8015474285842246	1.6991567163769743	-0.3180854116492297	0.183968586530442	0.7859306934087898	0.0665089526958427	-0.0695991855028937	0.0834739261584394	-0.6580578725713957	-0.8535550239123945	-0.6323073371886918	-1.010803982746191	0.7313673913067424	-1.4000329184606315	-0.5271619180883658	1.2743708582487312	-0.9999518704007896	0.1302701668271845	1.1353159128920467	1.551121958205357	-0.7079643296835536	1.2247126600632223	-0.0302328729195875	1.3921100028929012
-0.670668326330752	1.5042058850243372	-0.0100839249483693	-0.3757928191339317	1.3061331507762637	-0.2608863718127753	-0.3327374742070664	0.2079825423558212	0.4140135505178387	0.8234710184334562	0.0318788681777571	1.603669928859934	1.4788612880870706	-1.8115562351536092	-0.726114536271307	-0.9540561541873068	1.0185049796097765	-0.7340387496971994	1.145776662842673	-0.9664411285721513	-0.1481245224209156	1.5099732939234063	0.0027195405847751	-0.3306507436331061	-0.5039547020978882	-1.0812961953465934	-0.2223719861750955	0.7812190602239466	-1.071226604714947	-0.0535273380484258	-0.9211226759380812	-0.6686621671503239	0.1607019413341764	-2.035192481995071	0.1043430005452799	1.1574565675981137	1.8184287962345609	-0.8613415309838887	-0.2994999554651151	0.5092667770968508	2.357139516403297
-0.4484634987917599	0.9314660586484091	-0.1138191177732899	0.1636591993988796	0.8650290960435065	0.0375236099499565	0.3785167544049548	0.7797208823084181	0.5161491836310597	1.1728409505751791	-0.3310342689667664	0.825379145285396	-1.2568252718462272	-1.0931209834045987	-0.9501503128676114	-0.7845598413194647	1.237974770474643	-0.3840799346750287	1.2485522239949494	-1.3706792901112343	0.583935721147587	1.9340754670890437	0.1152471986887314	-0.0856203205087211	-0.5839715340525906	-0.8623864672019221	0.1523580460917527	1.4567871347572496	0.0338268753689667	-2.280258305836528	-0.2751574724456453	-0.6212094863770475	-1.3868979475672194	-0.5319386847610619	0.0723026976428213	1.1550744687073626	1.1749486975661092	-1.1802397914038498	0.2191920297833612	-0.3399213649175053	1.7168982993396014
-0.2024723930197036	-0.3365666120770517	-0.6242235461605257	0.5533115089256829	0.9697258890906072	-0.2879177212559798	2.003317948869974	1.1202261877718955	1.3699829833345831	0.0156693623164896	-0.239111917424983	0.4975242977659205	-0.3559006112358392	-0.9953161414654416	1.865874862501301	-0.6617616544599677	1.539791281705878	0.0298128911502081	1.6072508620550436	-1.1021421550888175	1.0205050906100357	0.4950446362785757	-0.3230475796518903	0.5277379851116812	-0.1209209785694414	0.4420473742019329	0.6213600706022208	1.2816257152407953	0.0714707338972545	-1.825904433452653	-0.3844601553782034	-0.4474250788803679	-1.014794643476328	2.0627063988539	0.0565739339312842	1.0998696774450163	1.0731049859232622	-1.745109893726006	0.6878316983461465	0.5099601388074073	0.2549994539176292
-0.7698918769287986	-0.0348237722834938	-0.9273035336705436	0.8715020191121791	0.9330085304749596	-0.6809032896667492	0.9332328623000392	1.1973130290660765	2.21043726732654	-0.5358872278962467	0.0168202598943023	1.3898780581909749	1.590487199792446	-0.454785579557604	-0.6351015314552052	-0.2397917037143561	1.090106627545603	-0.4703677653472526	1.0083042752811815	-0.8988614067878684	-0.3228133176424222	-1.8087605497871448	-0.4040059407139828	0.1771034873824916	-0.1374501160360657	1.4073131708608944	0.5023694492564607	1.04688635585473	0.470971824271276	-0.4629633865516034	-1.0113416993760498	-0.71758828950655	-0.0096999174146203	1.2978761248941868	0.0130319046871331	1.12121324344204	1.3706057628200374	-1.517322520949317	-1.0428746131066684	0.2454364356241994	0.3068084054349471
-1.2904148123978143	0.9672909811355268	-1.1624093299706493	0.9701262878112096	-0.7131646474561751	-0.1527470459165407	-0.2554083705030506	1.1068147452567616	2.010561274539626	-0.3071060328177629	0.4233837488597304	1.0518721687607382	-0.8041253312221865	0.7115649904626957	-0.9697687501686412	0.1031239160623214	0.861601116942898	-1.0775597030671282	0.2079649447954836	-0.8548264075507425	-1.4425389175349244	-1.6595875174918404	1.2669302094059731	-0.5550508976757358	-0.0049499490613796	1.7163077010093826	0.1888416897606417	0.7643463431694991	0.8975043548377359	-0.9891189279734284	-1.107527174358102	-0.8725938524775028	-0.2428950518151407	1.4563349401606067	-0.0141552593233153	1.21493279878845	0.8962960297216339	-1.0082753539117588	-0.7560664055896332	-1.417686184404864	0.185978806494142
-1.4626203061503276	0.5145043140291964	-1.426917098920464	0.7821806250870825	-0.8167365420980434	-0.4694180131440212	-0.5366902156781664	1.2214950644441034	1.2232218460709858	1.1230447033756217	0.412896116937203	-0.1095030575123603	-0.4756623546888344	0.959371498705741	1.4934765793102125	-0.3279818194081416	1.2531540973909778	-1.1561420093138233	-1.0744256368520453	-0.7396961131935309	-0.5537613731066771	-1.4513483987895963	2.01531810279987	0.0860223904967182	0.4200024441207067	1.481281834320272	-0.4266946846055119	0.5782642062093438	0.2008820208903729	-1.5751073335423276	-0.7640399057441015	-0.4602060754086416	-1.0533399525593576	1.42344146411217	-0.0828147467574918	1.213493377425902	0.2577831760033201	-0.6513382713820585	0.6100127601441628	-0.8903690687830166	-1.3436265891486212
-1.7820555727401264	-0.4852817947852314	-1.1333618083174544	0.6181286029677904	0.4234929694772842	-0.7252928337212483	-0.6635104018412833	1.1512590561381604	0.2877086017707384	3.1654172380820453	-0.0082953109720801	-1.9762634782246535	1.2192722505575022	0.1276140335544048	-0.1727967853205006	-0.7083911424056855	1.110554686354862	-1.1606524318988172	-1.7288232366226215	-0.4742084683255387	1.0479941137159374	-1.3755867868960685	0.0366692612334811	2.222148465890899	1.1716079688016123	0.7411680775621013	0.0045805365554391	0.1247014036458915	-0.2090076379863608	-0.6407429285043404	0.3968347893300001	-0.0358751556641362	0.2125594521196916	0.0521152483711084	-0.1144433727402652	1.175012104228617	0.8448841010007518	-0.069882228670591	-0.5724475877424325	0.6899745315067795	-1.964864248597431
-1.547420742329092	-0.769721765095865	-0.1329854919712286	0.4147678526393418	0.5022301120753458	-0.4419345691385328	-0.7303483295064898	0.9713646773491064	-1.298466906933479	2.219428182478662	-0.4828271703861837	-2.183882882187359	-0.3710837803560377	-0.5418016226053683	-0.9438767588260994	-0.1847581682366744	1.1196164304305898	-0.9736386307714529	-2.055439747806772	-0.2986505071320082	1.265762330585991	-0.0585696614186898	-1.4083070492959393	3.3740548007536786	1.072255135391385	-0.5732759282337927	0.9284957920179916	-1.3177117024588831	-0.1930899594670565	0.4620861623132081	0.5858116251468025	0.6416288020327225	1.402585624900116	0.1527627007747627	-0.2485621261380068	1.1988197935249263	1.4226383563503289	-0.2784676253932996	-1.511367500297052	-0.4256181437639061	-1.0613454376184928
-0.736216726451605	-0.9748185822983194	0.4276365226945687	0.4014824554581245	1.3503589905142943	-0.5410186736360874	1.117844341099138	0.8919771131617035	-1.986341670488619	-0.9240236581605392	-0.8406366599847596	-1.2673168218873618	-0.485107062677975	0.1873580680350347	1.4760845397455	0.1150290491470819	1.2953970126281158	-0.7126734119427829	-1.9074846004112345	-0.4799739335756442	0.9989291936371352	-0.0273184446577115	-0.7073482216577953	2.326643664640417	1.1110036619300758	-1.2344393462624386	0.9393145444047412	-2.1558827332534505	-0.8280392763339719	0.4041146248390793	0.0571876142834626	1.383079835014329	1.411850348884381	0.8101653322986742	-0.2841912011601418	1.2012947993528147	1.5828174920827245	-0.8798388127938919	-1.4503738329241886	-0.4303021167606569	-0.504195005818878
-0.2599767315104268	-1.2770369053010513	0.5972163669856821	0.5261287484040473	2.1076644058099796	-1.1745739066847856	2.15823113899167	1.0086538358081238	-1.442786115287418	-1.829081093921989	-1.3466041242079914	0.0160310554571287	1.4103522914470104	1.0717272284065602	-0.2607741416078886	0.2994045391229406	1.4435545795614928	-0.5328626033369022	-2.168185509379931	-0.2784307766126954	1.102452867515836	-0.8316659620793877	-0.1587806316835776	1.0265306132940042	0.8747567571677652	-0.7140760941234883	0.1814060175927039	-1.9982563179061072	-0.384775494241257	0.0067632878522981	-0.4745855678010782	1.679109886628082	0.5189966164197463	0.2384609744837705	-0.3203623717841675	1.090471958919575	1.7085594282846432	-0.2204932215304457	-0.9977336996504852	0.170294022207437	-0.106095638989839
-0.2214719485115085	-0.303147520341148	0.279627572479838	0.5733888402561288	1.5839889682296493	0.0329267226052594	1.5437395806587564	1.1262261137426164	-1.8722343154977212	-1.302449354126903	-1.11379891357488	0.8324120420895529	-0.7551041033633024	0.3248926803867984	-1.047065545167235	0.2451638739599384	1.2556893030937892	-0.6468814417320967	-2.238776204350639	-0.4056975217244318	0.761695845111981	-1.6238013604105874	0.5669421718462021	0.821560116541223	1.1019309366208432	-0.2936571496701385	-0.4159925017308808	-1.7156548313602242	0.1952003863833845	-0.6975501600510216	0.0646632984759892	1.7800637837894764	-0.2741198167757908	-0.0085620097419688	-0.3663705801957642	1.1582296203278315	1.2146325572765482	0.8789296059309277	-0.396861110774371	-0.6599102115435599	0.2157953759581209
0.1475752587665202	1.0322657950030552	-0.6978849077677797	0.6800020918170482	0.958845725056264	0.2075751769697531	-0.755152775928218	1.1044915704947234	-2.2232812067564733	-1.0564926818906724	-0.8995607291452844	1.5801644194000743	-0.3464739460998122	-0.1376466237515853	1.4706366846198868	-0.2547982334699202	1.4792226866640985	-0.8849557729183761	-1.9859308364311892	-0.7111462605059676	-0.4485776872498806	-1.337749716246052	2.140577345997811	0.191745178627865	1.1958399467226335	-0.4538658535362042	0.1993827697302088	-1.384332318670778	0.3623966804490537	-1.049439265962021	0.3553241081746736	1.9545946790939543	-0.413924663061635	0.6477827806076655	-0.3463439880857713	1.1265747469962366	0.1964153860252332	1.392463707523722	0.0547473249632839	-0.8249151956098715	-0.1340096021566386
-0.0541522409128339	0.8453606361643378	-0.8332932058071294	0.513848490491406	0.4777051424306051	-0.8015392653223866	-1.9034193183019408	0.9900252257319408	-1.8912206884074865	-1.1281228710793556	-1.0653132113173405	-0.1540922068396688	1.3255443196983383	0.5131052205374312	-0.470923376348339	-0.5083874034797907	1.3409376658968777	-0.7131349689203884	-2.3242317779576314	-0.4858326099949684	-0.8290985656918022	0.8987680670625968	2.4324439009483716	-0.0717665004996253	0.8136519770891404	-0.7992878651482771	0.0995629441641065	-1.274322163383192	0.4242943048401215	-0.9683399446464216	-0.3439099036520278	1.7376707871788328	-0.4088481110219765	1.2142948923238068	-0.3576976782693663	1.140082877171811	0.3815640801956395	1.3918703483135746	0.0252558074468293	-0.3990611526170462	-0.4644542192165737
0.0899595576837864	-0.281800437653997	-0.2215805229964757	0.372828707453419	-0.3362880178487362	-0.6081550266566085	0.6150368890220448	1.013027122511407	-1.528374963547151	-0.4346480239613742	-0.1789019947437093	-1.740828429189544	-0.8782704824618857	0.6596662528145651	-0.8220614916487067	-1.22060890206314	1.078553938231398	-0.1255608566040165	-2.412007930159892	-0.3525774034395461	0.5320642871940771	1.7209743740217975	1.5441576911941168	0.4757054893983206	0.7065737450880748	-1.1159620688995535	-1.1796918067404374	-1.520581991893544	-0.1868256759122462	-1.0687901232175263	-0.5568133487863506	1.4663883755390206	0.2325249477112559	2.7105034375657344	-0.3899137837363918	1.2168864704941984	1.3269279314443136	0.760981228007331	-0.3945707654835942	-0.544030481082868	-0.8500876205514427
0.3130178420563994	-1.1584386554900308	0.5883691398464647	0.2903435389961349	0.6038874012764112	-0.9379696962686652	3.0184370007847594	0.8206696263338555	-1.214232599861238	0.943819695270079	0.4403893394323472	-1.003993379825245	0.2454395693426277	0.9779139939188614	1.7053835411297995	-1.5419873676231348	1.1119340847586536	-0.0351319019840995	-2.228568210918302	-0.1745502259287494	1.9235072743351331	1.7439344983212055	-0.0385518610624515	1.2843225497871935	0.6973560175443911	-0.7745717873269251	-1.8128637015146465	-1.854433079404076	-0.7285191489133676	-0.5784328825150693	0.2017725161505301	1.4778694981568532	0.9211992402354408	1.3139910740239904	-0.3734357050545903	1.1434433471095526	1.794291508572224	-0.0494420649861776	-1.494640752899706	-0.1467234706784	-1.0037811867178177
-0.0325307592210848	-0.6941729833603892	1.055596768226016	-0.1938423089829589	-0.0058899012874334	-0.9241424037592478	0.417484976457059	0.6428746901533118	-0.9970582927496506	1.175812240253142	-0.7858603429874078	0.8692928585395577	0.8756416015863188	2.3773183053320825	-0.4484195250503113	-0.8808065547846826	0.7821859015170142	-0.1282910272802732	-2.6099923828295895	0.1027868474386935	1.3313740111536554	1.7784274477203204	-0.9387811902856912	0.8380171402106843	0.8262535649485294	0.2105780814101036	-1.369841083752729	-1.7045916953274556	-0.1872174213624904	0.120749795676445	0.7049980377714495	1.5509913186320217	0.7094252443040998	-2.6905258805648615	-0.3581130665954045	1.1187041673128404	1.7502915738316611	0.6261553623331193	-1.1819994666345577	-0.640848196287299	-0.1549363846105589
0.2373370711222663	-0.4527744446367714	0.4841401302512136	-0.1159669921787056	-0.6360574118702612	0.2058306760756567	-1.9499389965450928	0.9375528029600382	-0.9373293882704368	0.9052628089136744	-1.1127680907726831	1.942520184876827	-1.012864299447738	1.323958135869176	-0.2633167788900692	-0.1001005891251397	0.7351518109394435	-0.1440993053828603	-2.673340067149512	-0.0620186702912458	0.3964078157724092	1.7661101860305997	-0.7029491314100681	1.1520014874717386	0.9361176759674192	0.6874467835176139	-1.2776080249463442	-0.95641423095471	-0.4105719724854756	1.295831261899731	1.4002017605346584	1.1860662235955273	0.4761150803384732	-1.9125987897083256	-0.3703379909633458	1.196117044351693	1.7834171257413052	-0.3249791528816915	0.1958469879460486	0.1503450869312181	1.155168282004556
2.1554601886412392	-0.059157246386084	0.0685822758531405	0.457234703870357	-0.3098924807697254	-0.5935887264669811	-1.5947152691419302	1.300187486859928	-0.79886150972139	0.9544938942002112	-0.8943102111662028	2.51581088467839	0.4840643002867763	-1.3701381034852298	1.1122023556079632	0.7916948351782886	1.1010259040066892	-0.3994265603880882	-1.9036247926685697	-0.2659326211285788	-0.3196743709559095	1.2963505709261427	-0.4298395771483797	2.6610040685729075	0.9387109837368494	0.237576860850477	-0.3107039110768301	-0.4203215549694953	-0.0316607430289161	1.6525555461206178	0.6783492755299849	0.3816104210404669	0.6229690211810934	1.9458917988837057	-0.3501702797602496	1.1144803445939129	1.4437647073857771	-1.294255415383655	0.8809233341970424	1.0668983347217067	1.7557389071217158
3.093437342157686	0.6882207286854038	-0.0358683945322161	0.6069302439267169	-0.7676171694388356	-0.8290176511978148	-1.4608563586968324	1.4328056582837414	-1.1376606877263542	0.0549134372129527	-1.2940879935873084	1.9352427479666312	0.8654964642974665	-1.0018521171448236	-0.8811066777092688	1.377281226209726	1.4145714894723784	-0.5482912230092968	-1.9317988570529223	-0.4774127562242382	-0.8081267469568765	-0.2727449886530994	-0.2543617986575808	2.3767207490877937	0.8201712181887721	0.9714692869528088	0.372986965406622	-0.3835911230517461	0.7540030736940909	0.2509214814446579	-1.0032942728229084	-0.3664019739305867	0.0182905153799322	1.9802400892346677	-0.3402242587345054	1.1379157219364648	1.0847579042372528	-0.6355206069008993	0.7041822296037921	-0.3779211528035244	1.7690109812733523
1.7390648402572484	0.4052428983943058	-0.0794547660637092	0.9090857360610534	-0.4234623668897979	0.7000786921720239	-0.4328597769766985	1.6583109674232182	-0.9100634809564834	-1.1359958195861066	-1.2455311262117164	-0.6493078871522591	-1.111169696412447	-0.5199498884235291	-0.3803592887743897	1.0638185333500894	0.4657807488888339	0.0118568512849182	-2.2079962768910506	-0.4740195578390453	1.2455644913534498	-1.124823822406841	0.101688648926593	1.1958812019824274	0.7354178265877249	0.863216066489209	-0.380386005316447	-0.3067600495979	0.5277136222053159	-0.9530265787200172	-0.5294403441987698	-0.8070689706765579	-0.2704105301029913	0.1157045703737862	-0.3806076346499079	1.2404425663906933	1.518875993382769	-1.2195613772464573	0.1814507838754868	-0.6110178586175179	0.888570131240136
0.9468971964663584	-1.095981211065394	0.5940725986399094	0.5839535528728905	1.004498690895924	-0.2953737332775044	1.0962701143300455	0.3500535708086346	0.6499547319182967	-0.6718954453830221	0.2842197348536742	-0.1711990286144454	-0.061060040087682	-1.5917835766525574	2.149324392338113	-0.1484244891930753	-1.5874910957697177	0.3330269625417041	-2.340569447370205	0.0242160466628	3.215946624111292	-0.6660705701913346	0.3167625568271163	1.6988265312509672	0.4794583740455078	-0.9795151721136864	0.4443539113975185	-0.3169914467161459	0.2685901861827679	0.0183226707545973	1.4197475405569533	-0.8060140232206112	0.110971737487926	0.2677524852095232	-0.4577140684646075	1.1641325887689136	0.149631068984639	-2.2409668138476095	-1.5926244457369378	0.8243898084208137	-0.7992308023580392
1.4511847255249728	-1.4742144618431168	0.8149791534485168	-1.3247487295649811	1.4929846221782814	-1.2961820688110754	0.4904312525754513	-0.5201503807973743	2.132285516418731	1.398796975992775	3.382660080939133	2.8474344177771305	1.1531698294138737	-1.6273164751256013	-0.8565192500934243	0.076750862575752	-0.0600403339967845	0.7528834656257357	-1.7573442836357882	0.1020934530952582	1.842842050014321	0.3661686112279766	-0.4495114308102886	2.297523717239237	0.5595149242307271	-1.5905637312304597	2.291828541442876	-0.2562125219746412	-0.8935249208282288	2.024884408704241	1.1881086141321968	-0.7622576362965584	0.3813957978113423	-0.5410802054242279	-0.6608942014700234	0.9114933333918318	-3.821247515562551	-1.2686378464195611	-3.31441476261703	0.7380878996199838	-0.0442006581604193
1.0682227740842147	-0.4187171343630176	0.2922782889692474	0.2136091053195128	0.4786799926814532	0.4456821326730506	-0.1501673876572737	0.6706734961042847	1.3195063501771225	0.8374589066217166	5.241746566347398	2.171758828252452	-0.8752317149984766	-1.3873516618687034	-0.3474380205559579	1.331722968327174	1.41414475401935	1.5283954847739034	-0.2941451189367227	-0.2197362687173701	0.8771698125054446	0.8559581083697264	-1.1207040106866475	0.7692159980398192	1.0368534186961265	-0.4576361739658037	1.7305217144420473	-0.7701483446023762	0.2545307487340232	1.5852466713155966	-0.178865274744022	-0.7819922819583042	-0.5738772857596967	-0.0092125003791241	-0.7601509157573123	0.8084887426115602	-3.094124304660245	-0.311013590619264	-0.1145929866140555	-0.0933726023590049	1.270976055425496
-0.4007924456688057	0.3111145515840858	-0.2558153832798598	1.0567087368243284	0.1734781422555621	-0.415474901846716	-0.4501170536906279	1.3204074400538006	0.1915192480309921	-1.3190765143953818	2.693379438428583	0.9857321947107628	0.712227672239459	-1.7416695429702052	2.099060497670808	1.5616669885036143	1.7391336152393937	1.3667879189840844	0.0519360520941361	0.0054425877976492	0.4751819993113054	-1.1348631862501553	-0.6544116196789602	-1.7819408870043345	1.8107905812467304	-1.061629814396485	0.9843245688628424	-1.1813698843237572	2.1245306159069295	0.1871530134228047	-0.7511065022879203	-0.8730782553239476	-0.6730717410785024	-0.7204628710867589	-0.7493636770944423	0.7819773108897765	-2.431066702916068	-0.0990032536992454	1.0503320212734977	-0.0249222236973402	1.4148764743810704
-1.1748435152573444	0.2306102308442172	-0.6458913652993368	1.1654838656629434	0.7231632130013604	-1.813624091909006	-0.3499331302372397	1.3647897581164357	0.3449947025349441	-1.4871086328021514	-0.3549324638891977	0.0739469821849115	1.7252835458010751	-1.7485829891592632	-0.3175145434220142	0.6691652958465221	-0.2261340698329022	1.369442812210545	-0.3367146368402345	-0.0600585481964576	-0.9506310212270715	-1.2065125722382464	-0.3571571449198441	-2.063068760228836	1.6790889049021582	-1.1105071862725324	-0.2889156754738592	-1.0395466794683972	1.9790199204849108	-0.5156917256167999	-0.9821517560584344	-1.0422199809440107	-1.0388904412191804	-1.2947999337335678	-0.8078330656779723	0.7067236728389416	-1.9283944943078657	0.2373093852718576	0.3556893675710149	0.1254709936580892	1.2286664085750667
-0.6411361590551303	-0.7271664930679407	0.1377583997959081	1.4100985814354583	-0.5682148409920001	-0.4788565024470806	1.208423295378941	0.0104132516459771	0.9624632628949676	-1.1139586051481114	-1.5061650405905875	0.1484357499486572	-0.4382070048619698	-0.9640926278586688	-1.1058392662928924	-0.6567786032577885	-1.7743983896420985	1.879596324390879	-0.7866526497851978	0.266818405956204	-0.7486518886454274	0.3145326464558265	-0.90409576966637	-1.384580883303098	1.815686846211945	-0.2855174747001269	-0.2106324260060925	-0.8586003548595984	1.0913857040432131	-0.2939596688322932	-0.7394589553461165	-1.0685168099914173	-0.1397589027592891	0.1730011520286448	-0.8221766131290522	0.8338068405962956	-0.8789047206376477	0.2515263491052219	0.4953822250882319	-0.4756938066546298	0.7521084358082382
-1.0082042684030894	-0.8854990508413139	0.3323016874727367	-0.0823791773809659	-0.5180677621232217	0.4267767843340236	1.6260530047307125	-1.6878205959503756	1.3341010010305032	0.8098671357090783	-1.4628731363457033	0.7614632380108345	-0.8109164159230197	-0.0728972373852625	1.395962712161038	-2.0829648985814373	-0.7622326324781746	1.7996975639136958	-0.5715010041089549	0.3005612719960167	0.6557918957407542	-0.0082285241505513	-1.0193238974469956	-0.6308145281981816	1.63295267229345	0.3825536058862775	0.7551147144013202	-0.8079301549804296	0.2247283185490959	-0.5063194076474774	-0.6361192646524986	-0.9753890340370708	0.7218716867819697	1.0654589861571486	-0.8360817205071838	0.8186642251745806	-0.722898990509961	-0.344879456639046	0.3192126697036379	-0.4236227492236338	0.9561776258308464
-0.99876912260864	-0.3255449714008528	-0.1850754017464368	-1.8003759880674486	0.3741256161951297	-1.1560916582104497	-0.2681901969710874	-0.5365159910431475	1.218884924365407	1.0285725632069722	-1.674954008516515	1.1359165684598065	1.551760699233602	0.1270257856227766	1.3224564247026074	-1.262537208434866	-0.279775364014492	1.6118806021349743	-0.2347219000811363	-0.0544847324531275	0.4029237457688285	0.9645494683101056	-0.5369886231729742	-0.0288402998463696	1.0839356880725173	0.8168746914724446	1.330443858049117	-0.5561963518125744	-1.2023869513898335	-0.8490990610504731	-0.874641643247653	-0.6616082553089596	0.7130265596614059	0.3587076332612452	-0.8752648083949498	0.5357851231711929	-0.9345807153213478	-0.2535015934405011	0.9370865935131044	-0.7014367188527096	1.738787893138126
-0.3042258555826472	-0.7378126518879876	0.0964044562445314	-0.6159899202019636	0.8851442087880346	-1.950945627840208	-0.2412300577830174	0.0613010513039507	0.8731128536827449	-1.2077486548356229	-1.879241463646968	0.0283915593604124	1.120162932732895	-0.2182021924905559	-1.018533799276074	0.9345089509019696	0.754895532797342	2.173188675750874	-0.3335417053076438	0.1432275324172083	-1.3866487780608745	1.8642428186891504	-0.893246490166674	-1.165108710049456	0.8302131433948906	0.1451403584419047	0.9885279193759252	-0.1096141889061527	-1.2166428441459407	-0.2685805487029044	-0.5310719076030269	-0.6679309411634329	-0.258664728655329	-1.9617269115380829	-0.9220035872630892	0.4576770572285876	-0.3343574627467559	-0.2614611348138281	1.373952949523445	-1.6370394373481332	0.9884941482879632
-0.2960178390868669	-0.927349785746346	0.6368742207864894	0.035338056137625	0.6401326292823182	1.06112628643146	0.5586181699247038	0.6699825731006093	0.6284402675945006	-1.1192373482285052	-1.7170168184248225	-0.3977536836365542	-1.0176611206622674	0.5310339736093082	-1.0253234820282473	2.0416450335582317	1.1034194917387803	2.617699095515952	-0.3751444727277431	0.5627508323855785	-2.3013476187610795	0.9974504093423332	-1.118246334810895	-1.7394723890856825	0.3230063489237502	0.2144878449145439	0.216357300505905	-0.0002086246543211	-0.8740998221607396	0.8735664734872739	0.1684729985676354	-0.8076014920247506	-0.2943327519890876	-1.598469650406602	-0.9752514175018208	0.450992693497195	-1.155199905610184	0.105893215111775	1.611947486863728	-2.839411320300735	-0.1886438972182851
-0.2732748009997591	-0.2630424789550014	0.9561707272421214	0.7962410789159633	0.7333001570581539	1.518053349037746	1.2299192384898523	1.151584673173659	0.4530459004563625	-0.7115926087874012	-1.604197258184483	0.0776453371764484	-0.6960713167394263	1.4008610529330074	1.7378956770715583	1.2634624055082266	-0.3171723226623714	2.905123147600338	0.2199287331714519	0.9481973062865364	-2.39600730715191	-1.078749870044819	-0.7214716658495008	-0.7300445753674435	0.1728213603822846	0.602405656570073	-0.0118486373980707	-0.3116611115942829	-0.4346117843467407	1.2086230863798586	0.2203617279858877	-0.6383028807938304	-0.3981661100425726	0.4832850277072457	-1.033329499805435	0.4353679927234786	-1.2466656266107308	0.6306532852049597	1.5841938143765382	-2.756489839821676	-0.2139052710569728
0.1654570109927783	-0.8752703638035146	1.0704304058403231	1.3704539140523426	1.818864242917361	-1.4334469611102372	1.301779083871307	-0.1581131514226335	0.9790801669955286	-0.0892876362475438	-0.9920332619931383	0.5424033163307688	1.823587952382991	0.9424021435968466	0.3979488324749606	0.1662012625188485	-1.8362150869422085	2.913962614426813	0.178412222844794	1.2008702310910562	-1.2214475950734591	0.0933609480290483	-0.4725562116842683	0.5983155441252336	0.224086394459486	0.7779732720305785	0.3562151482994728	-0.0478739150343767	1.4395560987676357	-0.3023113647655707	0.0783271042202018	-0.4512605823136672	-0.7996259196200753	0.5165585663432556	-1.085254967870538	0.1759753857808677	-0.9456572491734784	0.1851391607951712	1.398429688396404	-1.1302482039193038	-0.2786539907205005
-0.1745150446419694	-1.500052598673724	0.6934626264341632	-0.1549310144359811	0.7984300724284467	-1.111654660009186	0.3254490045350717	-1.690095670292039	0.986440974794784	0.1557762020455608	-0.5740307287374099	1.3930909615205702	0.5385106199464197	-0.5019386963971793	-1.145154537004108	-0.2003622646305187	-0.3572955833137797	2.2297786882460557	-0.5064983172569691	1.081535327062473	-1.1921217840002851	0.3623934041089956	-1.0666916044260883	-0.92638990393846	0.5903119794741212	0.8318643819203869	0.8668336095075755	0.706892140209538	2.5213398702682963	-1.4276726352260822	-0.32594187982382	-0.3699473485981737	-1.34929512466771	-0.0772627701976358	-1.1495609247760312	-0.0144612792983373	-0.6084593329743485	-0.6472179817453418	0.7015389149849265	-0.4820702641259937	-0.3151570127132916
-1.3492534696925496	-0.8119965439397371	0.5537452891146715	-1.999386808276574	-0.8276403653183784	2.2843168425285567	0.7229277527286015	-1.1282885313507882	0.3687121869809667	-0.0563296873284418	-0.2818899031365009	1.280265720341132	-1.4434294434676047	-1.030980260651038	-0.0118639284283038	-0.501980989984178	-0.2399373312711153	1.6177785012123622	-1.0848592151491012	1.15019074873294	-2.0339457554355898	0.0365354144637866	-0.8736935332105535	-2.560070350344537	0.5198398791660829	0.843381655299876	0.2762483310488828	1.0225301764249626	2.208869990179593	-0.1617067337308465	-0.5017377898611369	-0.5647345279618033	-1.3665586807443335	-0.8350885173506156	-1.196773915591909	0.0957621359889292	-0.7960002378418833	-0.8291038624731896	1.152513421758204	-1.8497938263786415	-0.4180763350074968
-1.4751829479416578	-0.247349539188256	0.8586933977518273	-1.9549238681760608	0.0583034151415758	-0.2766359924698675	2.1730648412039444	-0.4721483982983248	0.0758717831685489	0.3210341742832336	-0.4917155967657255	-0.1000373081135585	1.114622346575411	-1.0552542846395934	1.725883829683356	-0.9351541384046324	-0.3005706383713831	1.4350198945633406	-0.2456026418705614	1.1646494165629655	-2.022173482875052	0.4827275778276265	-0.6998066691891723	-1.380333230657184	0.5844631048265169	0.8907938121602161	-0.2551231668059556	0.5100978108470403	1.1974081071404536	1.0275164564773132	0.1306857377589296	-0.5809264344172755	-1.1264145296925858	-1.4250703546102892	-1.1859266385775558	-0.0169856735700777	-0.2906309615312374	-0.9015175900775844	3.390336927659107	-1.9164227036513255	-0.8875648927934083
-0.614931458504599	-0.7015201733258386	1.3339663733966485	-1.6609614037598297	-0.0363305697368181	-1.9849595107579947	1.5951567531530395	-0.3414294329210735	0.129984614816616	-0.0293397231412016	-0.3144108573559314	-0.6860686495469488	1.3157393218514883	-0.6050874238126935	-0.7999698948143166	-1.237714511216217	0.1060811707339248	1.887800260714418	0.2364645097642598	1.059072608646613	-1.0813950229022689	0.7249230863484971	-1.0359600132568398	0.3205235787953908	1.0226132025927623	0.8331566314336405	-0.2199593225221812	-0.1889071388366079	-0.6405957930022089	0.394311635150298	0.2774609644193189	-0.4164306864313393	-1.3785951676255972	-1.5790679962172776	-1.25450606484314	-0.2470460080831298	0.0982294949796628	-0.8439376350204387	3.0482731263680676	-1.374937240235254	-0.976928427562651
-0.0704736166330759	-0.9540910807616418	1.347597570097718	-1.0117583352007826	-0.5823641122053183	1.8920028958955817	0.0780947577481403	-0.4285108266068095	0.136466238379817	-0.0731872344569865	0.0281254025046461	-0.140737061495789	-1.040880363464281	-0.1252955693073117	-1.007432105585962	-1.297636986865194	0.6331228441026385	2.4575559087493364	0.010186762007016	1.2663287505745218	-0.7697235103979355	0.636610395535155	-0.9443772452751972	0.690194806431521	0.3727458508000631	0.3124859795027895	-0.3102924675696191	-0.3335904958815293	-1.7633096378204882	0.3801789447620688	0.4203541669201182	0.1127704274660143	-1.1609007566822114	-0.9805717441007472	-1.3569351517215755	-0.4551223450608852	0.1571241471510417	-1.003382985140171	0.5035824584181269	-1.636549443574215	-1.4797472403716363
-0.4421543934481705	-0.3130696271638163	0.9244994418436616	-0.5202390012066795	1.218011764483332	1.1461287477260995	1.4823732886719851	-0.0580394140373153	-0.374797993206422	0.4805092971132979	-0.249169630448665	-0.7289475010689676	0.0813884200756569	-0.6531028290650748	1.6114928258370218	-0.3339401652554708	0.610470189101974	1.7951290382750196	-0.1735733048828047	1.004762554027159	-1.2388048323541885	1.2569769801300543	-0.9271966948874468	0.1115074719884092	0.1349080684702542	0.2583374252916312	-0.2105061726709275	-0.3533015435052672	-1.3289343379789578	1.450738816487224	0.2079090937417922	0.792638330253698	-1.1738753863658768	-1.3033003537509809	-1.3751304071307806	-0.5837027184975374	0.2747595281383455	-1.3378208847922382	-0.8988878064446106	-1.4095925181521365	-1.315284616160277
-1.0325798124127958	-0.6301749199756884	0.6318976399706139	-0.1302007750611554	1.0022818330879029	-0.4174801100669712	2.868330626802874	0.5100004341279545	-1.6415660961164535	0.7797010274122868	-0.4433973267954347	-0.6051536757803534	0.5764216866016967	-0.5986944616920161	-0.2706369048058983	1.1686386188711038	0.7174993013981995	-0.1471183551340669	-0.188482323576218	-0.0526436807583912	0.3128087918127303	1.7832476251850224	-1.4015589608919805	-0.1352350999735967	0.4979299763041553	-0.1000732387402164	-0.3267556251057814	-0.8815884320399758	-0.4078208444229283	1.2844407113478795	-0.1735770669588114	1.1880886629573977	-1.1028089560728052	0.0653318748360376	-1.3868274112672807	-0.5936988900268559	-0.0385116062031973	-1.203606557051336	-1.4019752268455123	-1.515184327903919	-1.2837963862662412
-0.7780817225177146	-0.5251807565045166	0.3637993057020328	-0.0145768894869666	-1.4469181531021078	1.676135941892004	0.0212502636910394	0.7977711066557567	-1.720371709407479	0.8838464914089827	-0.387964406247298	0.8683250632911161	-0.971433879750652	0.306625081825731	0.1517285498152795	1.9955687146494876	1.0614299884461869	-1.2856274133574186	0.1395715218371089	-0.4949376779370269	1.1101788675015054	1.501165797133525	-0.984231446682843	-0.6384743643345283	0.2900301764016242	-0.1947360454174448	-0.9152048078603202	-1.1918727658234314	-0.1023327653755749	0.6978340492168698	0.3278702155066893	1.5527382228056033	-1.4769472701934478	2.0418225344965943	-1.4117676925123783	-0.5249066997707565	0.0107566812984249	-0.0186328474389293	0.043354665985695	-1.8052335149157064	-1.3516917913428022
-0.5890332719060442	-0.3279131895760858	0.4801328478260462	0.364224725230456	-0.7776719721925478	0.073583389352852	-1.240784157734983	0.8392167790789977	-1.3646767251541376	-0.0433941079087041	-0.8846717366185923	-0.3075495101835875	1.0124251529150132	0.8566128619284709	0.6174537612824569	1.446661409179529	1.0889142377552137	-0.8902072502089146	0.4343375842489568	-0.3709691054078523	0.3153597055566364	1.7533203211042987	-0.3720981151525738	-1.297358563364822	-0.2759999721429764	-0.1857710208339572	-1.5660116094859664	-0.9681878816961386	-0.1832965082949684	0.5245486230854013	0.3253398827672734	1.700751148830716	-2.102067327003958	2.334469059590752	-1.4090999048553756	-0.613828739127899	0.0252129465036349	0.4795906898901725	1.0336200902703685	-1.3456065411060618	-1.0091293072095615
-0.5975960551290224	-0.955595040199447	1.1899308687831955	0.4377520628661798	-0.9922456623677112	0.1591533511354656	0.0330852220146845	0.834531236625669	-1.5991706490350808	0.235115434019729	-0.5732009021309026	-1.0076672516470038	-0.1283095563226547	-0.0410060062200048	-0.9081984875094846	0.1942684739275763	1.069821514375364	-0.1278313505109455	-0.2082678577548618	-0.7896624635939273	0.6607012864786264	0.447286061792923	-0.8318925448057796	-1.4323093179782498	-0.1214074588782052	-0.4999163996688155	-1.975436792757575	-0.5524397552204808	-0.4705963986473656	0.5875970337022681	0.988548135385646	1.5968639088492826	-2.3359670973030937	1.617879283942874	-1.4136010261453646	-0.5489215637418231	0.0403015515089633	-0.5426833032023551	0.1454317421901442	-0.954119228331473	-1.2201421540651092
-0.9082854207605484	-1.452968374322493	1.7809470208120457	0.873064183424448	-0.6882383096208532	1.193393751447514	0.2172557845035432	0.8849635298626589	-1.7244930376687373	1.0050126764601983	0.1911518264298118	-0.1983572530237974	-0.5631476355190734	-0.3848478385157425	1.4864444298696902	-1.09763569964193	-0.1169413052355055	0.226581588497369	-0.2605324413647469	-0.6542333420366419	1.0947266826020203	-1.6425899257636825	-0.806562660331036	-0.3171942993980601	-0.5731111352173514	-0.1576312639678091	-1.538725538865287	-0.7943437228098505	-0.6596835308705941	0.2869771621739493	2.923915839911109	1.685215568767022	-2.593657015279827	0.2927458888072406	-1.455336214732596	-0.6318113133530517	0.2500111905182659	-1.0832234789027486	-0.0260334469194169	-0.5920034744789	-1.692957088979948
0.2063566899144215	-0.5210503324419289	1.1841835183455458	1.1307129330756196	1.1613891549744744	-0.9568684511602276	-0.7373814822447915	0.5533644251694845	-1.293072164534036	0.3545002924327044	0.2639015545063126	1.0659396561740333	1.2423125055103352	0.0864756981764302	-0.2849835739400306	-1.078609016629045	-2.0383201443800836	-0.1915328523956344	-0.272100122643061	-0.8991735311657543	0.9985754339193156	-0.9552626904027346	-0.2354910009783608	0.7526108271816749	-0.9139203342101082	0.0314936916266831	-0.4948193620919452	-0.3735396084609146	-0.1235998938840052	0.5073368864231746	2.0900905035109445	1.6901212852042036	-2.237736461178262	0.2095860388543196	-1.4775983442855969	-0.7892757126128203	-0.1763335197078751	0.0753984408647762	0.6804516562582587	-0.5074537869474257	-0.9272292458058744
0.9348097468217134	0.3555081453599698	0.3801403974407277	0.97961453904943	-0.0470656049156021	0.3295665523730188	0.6761249370801674	0.4708955354902306	-1.2664920480789137	-0.5659771157523863	0.161775295867757	-0.4249358110885923	-0.4047930850169	0.1752511529821924	-1.325635702694038	-0.3116493820453682	-2.0928436052454544	-0.7423960169478222	-0.1944288497858586	-0.7980022367455014	0.9253449841573436	-0.6954916940642097	-0.0056034753395038	0.1173781072477332	-0.92121595523052	-1.024911629191826	0.1416181947653089	0.1062652856228116	-0.4190823380139034	0.5766947179723806	-0.6434977940801199	1.4190096343022405	-0.3959340802057378	0.6456523781975573	-1.5077905293509468	-0.8145217065238215	-0.3564842624654428	0.763240277677392	0.1440867449501961	-1.7658268638284067	-0.1684979127790467
0.3759379626876461	0.1659730120941074	0.5442145842526782	0.9796215942724936	-1.960025170177736	0.5454819118632537	2.648488621305517	0.7387830194183279	-1.264320869292366	-1.4772754618650463	0.1883115149021841	-1.4393542983623095	-0.2767799733901527	-0.1033331896265625	1.5424753019875244	-0.1071677095385439	-1.8175940904693408	-1.003262487129824	0.0024479509573454	-0.3993132254615266	0.8843526747565288	-0.7352100816561882	0.0227436431070678	-0.653251846021559	-1.0623832945080367	-1.840740580802586	-0.5954903624516851	-0.5128264359414791	-0.1990596411729093	0.3803089215256948	-1.4332566801216295	1.3560488813906193	1.2494953312610668	0.2805960687812199	-1.537676349768049	-0.8018340337781359	0.1016622764416548	0.7972530241502902	0.4385315313967504	-2.073998875395163	-0.1727563473586738
0.5481792594763616	-0.207948053577585	0.5833660289500184	1.0417551818564317	-1.6234895852955156	-1.0184185126662582	0.708406643384724	0.8314087336857814	-0.6075191869474409	-1.4995046624633186	0.0486562294000348	0.164549695353205	1.1467368143159984	-0.1180915192396413	-0.1151129122373071	-0.4412109117844107	-1.5274688252950823	-1.3594653220380617	-0.165771797238802	-0.7535098380519216	0.5351483696382583	-0.7678924866897757	-0.3909799575993412	-0.907381837446584	-1.25108702770623	-1.332900675023383	-2.130611140572344	-0.3931305936197605	-0.4599013180177182	0.021164668907615	-0.5552124827463041	0.8163149368164506	1.5532000644759367	-1.1390530894453634	-1.5239909816628483	-0.8634148178072293	-0.2826039896348364	0.5149440002263435	0.3922106665591055	-1.142359336212578	0.0387959227416063
1.6925820675643548	0.4140607349665932	-0.1855354765832392	1.1213174810398494	-1.2487662074015904	1.13970165940056	-1.682377164038758	0.5514174150588073	0.0376188350006723	-0.4734349188871637	0.5565568390445885	2.0969526680089823	-0.7976076872615444	-0.1328022613585358	-0.3850278051663003	-0.5847724415062668	-1.4795692134006928	-1.3222325222443485	-0.0070262036678599	-0.9604511373016617	-0.6811291485034862	-0.8939482149367107	0.4544649975710312	-0.671440328613546	-0.7768503751881553	-0.7379671363312178	-2.4649769964390527	0.8127100113080798	-1.203374915010491	0.09154871993105	-0.5114848332571001	-0.2299259633087387	0.6654879727595677	-0.0006067621698642	-1.494810630725833	-0.7749686796282864	-0.791634619107679	-0.1384158077293012	0.0331399949700323	-0.8171368939316109	0.3770408704258079
1.8845706052743645	1.2773120468752663	-0.91127365688795	1.108036635228263	-0.8562012265067163	-0.5762153057897471	-1.0376850597224674	0.5904312169627209	-0.9894308197644224	-0.2117130039857912	0.941984809954162	1.119987009485868	0.8889794639714118	-0.5773009033864833	0.8625841155865819	0.0655740739125546	-1.663059842305518	-1.1482582572526825	0.2743086318762093	-1.190310677047523	-1.773268402553751	-0.3216549293314024	1.5215420181806771	-0.6116845457676784	-0.8261168064761217	-1.227713301994741	-1.3835369919432243	1.197792254761118	-0.3252547092033166	-0.9413834513544034	-0.6381383253697025	-0.684436266026753	-0.3845515823290614	1.0149619987041405	-1.4949918884029678	-0.9295257034744924	-0.8351891206075134	0.2325443619321121	-1.0245287739673972	-0.4345757554433605	-0.0004332342935345
1.4868036024831457	1.1601752125259823	-1.0206275331155623	0.8459416118301444	-1.7967160026002116	-0.7757170791301236	-0.5089269183844571	0.8194378024826725	-1.819557038282029	-1.0871871427296038	0.6742708351339519	0.4974923959625636	-0.0213682930128332	-0.8159703487615839	-0.2110435013208829	0.97523162206252	-1.3551764988944688	-1.184650528793708	0.3320529766723007	-1.609255650850385	-1.3241515202099838	-0.3531303252303182	0.6373052068215086	-0.1739712146382043	-0.0482180328940835	-0.8864833284459761	-0.7213832460033257	-0.1084081975731175	-0.3935814247728406	-2.0038477600574396	-0.390684390856281	-0.6069945671792205	-0.7436742271426177	0.11536436486322	-1.481259661897976	-0.8534300861011828	-0.575938229243291	1.204766931965483	-2.3956298167221113	0.3108312408456544	-0.1289969160911765
1.2294238557960755	0.4257449243556434	-0.730742115563362	0.7854099358203948	-1.4628646737191235	-0.1215401003805147	-0.8646905538335912	0.936231970689578	-1.245719280069861	-0.8160057464035836	0.4484201627868535	0.0373110057334008	0.0844033776942874	-0.3018086778550719	1.2111928110752277	0.7368683568597955	0.319205360102708	-0.7788799006632361	0.713525366126553	-1.2685240247246623	-0.1732229797843109	-1.1387941773911157	0.1267926077409842	0.1358796624650934	-0.0374362627477085	0.1665896503097234	-1.249505514840524	-0.7558683023019315	-0.94357522658272	-1.4831894801230083	-0.6324248930870737	-0.5318445065949138	0.259312423839831	-0.4485351644767324	-1.4806317863720504	-0.9048879873776776	-0.2018900578041247	1.1482499896780638	-1.581153478332762	1.1607749858491077	0.2335241129568114
0.7255324460607206	0.1187565006482249	-0.3537805584208142	0.6991130229579761	-1.3629155415793108	-0.4475978943211977	-1.3134963358960234	0.8548875635197155	-0.9351107771259703	1.0142670358296906	0.3046514634868764	-0.9761672784676182	0.2713580502830283	-0.1951411968910494	-0.6170234370137835	-0.0116712470423803	1.3395064616993415	-0.876239165219648	0.307482011483836	-0.6989353637694533	0.2251744822243204	-1.7739040706892732	0.6995605423483021	-0.2557113246526348	-0.0121921157751794	0.3070575132917792	-1.6131665256617969	0.154083951077921	-0.8437163068048459	-0.8678023105233764	-0.5482959934861502	-0.7606610896519447	1.5126718278157214	-0.3797307697824783	-1.4857664092205396	-0.9469072672472828	-0.1038520230039315	0.585104054538211	-0.7997750343884371	0.8939651196723705	-0.1190517200094073
0.0042778785907293	0.1310237641501618	-0.1499557554646681	0.6058120437741332	-0.7661768301467519	2.310983479572027	-0.4942210458464744	0.729916978931394	-0.7233735823293523	1.6882751998341663	0.8717187709417021	-1.566648358541536	-0.9740511633418912	0.5822224716233783	0.3624650137036478	-0.9073961012808176	-0.2954498944414971	-1.0701194624318036	0.1495258308303501	-0.1395241853689258	0.5830303097378847	-1.628867323328195	0.9540531921653704	0.1411896505411305	-0.2807534259418144	0.8106974580058515	-0.3489454887133326	0.5373569280785022	-0.9673857327891042	0.6147686536448896	0.8646870780827495	-0.757766927608201	2.381370770513716	0.1356177604517203	-1.5359119297858097	-0.9412135654341404	-0.2685263174865281	-0.0960197173824713	-1.401414456905103	0.0926323273452722	0.2605925681878345
0.4515726935631159	-0.4532188085633978	0.2156692653857989	1.210303024829623	0.3580052206556053	-0.677081954728037	0.2865081478980671	-0.1173636973060769	-0.6973813923299125	1.1434980464088518	0.971272940828952	-0.5082525057548644	0.9855689358468156	1.1791639355629844	0.7774892951400263	-0.8121792849727748	-1.8267476377840717	-0.7488564127450138	0.4617780121722116	-0.2923377216651868	0.6621025392522093	0.1362645505553947	0.2106368236172345	1.9171900703468063	-0.3182457089962593	0.969082463321594	1.4222820480950051	-0.167412334735523	0.9895001129013974	1.4195976846959149	1.6183867736883426	-0.4159044038163904	1.2891599152356323	0.2321805109111679	-1.54729745742879	-1.1754369136812235	-0.0667590946550939	-0.6343188537026595	-0.918992881104253	0.2668364901056374	1.6887781779671014
1.6989981063669877	0.0770548005339142	0.3517857469737577	0.5937314733845374	-0.681508591632786	-0.0546210193832374	-0.1693679888886466	-1.8683115052346917	-0.0943819008691347	0.3402760921064473	0.4235585720367503	-0.3143531318883862	0.1681434409478617	0.9812111251079748	-1.1524690233503758	0.0014051740772863	-0.3759721099923589	-0.6557441025380847	-0.3007720799959599	-0.1436084376584693	0.9134319251812504	-0.22399037066004	0.1839168489436907	1.6601729195299824	-0.1413203542029027	-0.1322163304585952	2.048700331227544	0.0301382790447659	1.4938853400035397	1.1352780880773394	0.5049461304144769	-0.5315220152764945	0.8960181164049711	-0.0621092541603885	-1.560291421445276	-1.1772089935160075	-0.0538752712760369	-0.3609536655910688	-0.5358727705785447	0.6063388620411359	2.1979334794633516
1.1340811147344791	1.5584458681254831	0.0488604053053863	-0.7347387528387429	-1.573332514316511	2.3986557578713548	0.5325185532355803	-1.883236435465328	0.8891581337801137	0.3629104183863061	0.4009632202145873	-0.998536036101292	-1.467063897405496	0.1172751968573722	0.8105255505976329	0.3278062378424012	-0.3365221975811743	-0.6950337630554319	-0.3938478467219055	0.9579347991708422	1.4159601842090543	-0.4893934639080921	1.0119171657950448	0.113666513970752	-0.5103491149236812	-0.5390200778521067	1.5207096692872752	0.8589339313455869	1.3527689526517888	0.5518293376973046	-0.4328387877768984	-0.9483380814601616	0.9646100631340684	0.0506383819682147	-1.5492576095325623	-0.9815274238765996	0.0486701494081746	0.5658364968672288	-0.475132822794117	-0.4098806928383504	1.5791890822029389
0.4658596241927243	1.9479462665125735	-0.2705474538393983	-0.277928777471204	-1.096260690952471	-0.940483853863541	1.0125001078328508	-1.7405168385678342	0.4460712552919389	0.5587394053541097	0.5223346506777319	-0.9593025932446596	0.8821406335647064	-0.6689078757618024	1.3077614619197293	-0.1722516216260554	-0.4839231781658994	-0.8593004885679855	0.0264889073273825	1.4073049409875775	1.386442564897929	0.0819690043843004	1.8824893159697351	0.5463448011541405	-0.7573385571763801	-0.6510664120919317	1.734843141533448	0.5884269408645629	1.469409525812667	-0.6704536548479844	-0.3722726939202152	-0.965433125342088	0.795741144795823	-0.3248916515724073	-1.5412855929324485	-1.0672819083978424	0.1959383342476889	1.118144351611328	0.9345094342491632	-0.8476275463376518	0.0828349170496927
0.5213793164228429	2.4107695618870233	-0.3819006069564577	0.8245676325655371	-1.6448032574629723	-1.2942119669628904	0.7205418989217157	-2.029540008050138	0.220047391779713	-0.1416618304381481	0.4039419260844856	-0.6496220022110746	0.1007241094230509	-0.6248525327442884	-0.355671994680986	-0.6907072684683685	-0.6094422375872814	-0.968851341898016	0.3291126920222215	1.4274162766755798	0.8807577786306551	-0.1465480095860449	1.4052856961195943	0.1973230948978046	-0.44019916252338	-1.0014277468342705	1.4249439380401032	0.2270969904635842	-0.0403737763930304	-1.235790849484319	-0.9271940777648504	-1.0416187458605717	0.4106521138949063	-0.0798418699995913	-1.559049196636392	-1.080918791206798	0.3473803440093985	1.3620683673237286	0.5567754706110566	-1.057187438499929	-0.7951757091383269
-0.1543085967914495	2.590856676160309	-0.3026395127275651	1.0070890161024817	-1.835215528665158	0.1552836942641643	0.4229876018729149	-0.8597105199445413	1.1499114319968593	-0.528900350946741	0.28747141060422	0.0842183659963277	-0.6512700223726884	0.274748209249675	1.3784792200389215	-1.1289175510114071	-1.1758566331411993	-0.8334035329483773	0.1027326003665335	1.4522271427879128	0.4515464683715481	-0.3326719289620443	-0.1148163858331832	-0.4838277805602752	-0.5005110396300965	-0.9088330956980032	1.087777539322771	0.3435572309486035	-1.3794801518644642	-1.710500528794691	-1.1011586827372042	-1.1529060062877785	-0.2928571071720501	0.7097354965085588	-1.5501240155815894	-1.0217024496969502	0.0004763537279054	1.396501634114696	-0.3510279545278553	-0.2542359522263099	-0.4394664335066357
-1.3937544475638943	0.4220073966991478	-0.1898384207008076	0.7313421137048166	-0.6248889835956989	-1.9264047080759104	-0.781477944168429	-0.1673210904429573	0.9503124419116266	-0.4618937129717801	0.3166219141267995	0.406109239184349	0.9479868051504337	1.8254585093128983	0.061644662275057	-1.0162386696091	-1.5300438909622802	-0.696266134751793	-0.0692558532368431	0.8797767170529917	0.0997234683574603	0.0707737980003292	-0.525320590019081	-0.1949581572596595	-0.5994168758665177	-0.4666559559355909	1.6728650241146843	0.5114497495917925	-1.7590435514189355	-0.8035282413814102	-0.2524072315457586	-0.9731464365575554	-0.0324786242582841	1.117814425022902	-1.552645028615668	-1.234439239314235	-0.2574656344116064	0.2913261450668399	-0.5399634270195587	1.378066819133016	0.4725139862779229
-1.2212731125781793	-1.270313255070324	0.1317458832462051	0.7565189555766686	-0.8041385861241592	0.5125131300087804	-0.9783337748448652	0.4075766961402673	-0.47663807894608	-1.132194712096816	0.1618096953261563	0.1738036760807129	-0.7095739038150165	1.9584759990460976	-0.7700505433075024	0.7978306724017293	-1.6494437569230584	-0.5893379364012304	0.2919719815282685	0.1661746781936138	-0.902795186105431	-0.7672487718265056	-0.4152911616227939	-0.2641792646727218	-0.5278640031649118	-0.3092265096716152	2.5427269964079837	0.2340690708061658	-1.2152285513601893	1.3629610431064825	0.2640462136105199	-0.4867156317390492	2.6538316496649155	0.2853866464242754	-1.5693666190240676	-1.1299562563446623	-0.0092422294258521	-0.6818754275489266	-0.1007863681025267	0.3349479551043257	1.3101128690136024
-1.048215043811093	-0.3951782173305084	0.2676229452607436	0.8367233504402655	-1.5112727807715296	0.615806886402588	-0.2067497837514165	0.7730703569154226	-1.0202384986346966	-1.1362596239874747	-0.4352949892243112	-0.878542048940263	0.2217216745836286	0.6182726409973043	1.3540293683868083	2.474529826062226	-0.2089465297782217	-0.8888008362297277	0.3978875985038202	0.2007894728598137	-0.9827917410669088	-1.207457758122618	-0.2731561232809807	-0.7299621536240353	-0.5474626425111763	-0.5762426961699761	1.3994726598352425	-0.3351217199132029	-0.3883155654684744	1.176398762092842	-0.6631749425715152	-0.3158666673786748	2.9435818672497653	-0.9917243814268194	-1.579154284645714	-1.2072960880319727	0.0202292982350024	-0.4647414698934018	0.6969109607272088	0.654953051891879	0.8786121662052248
-1.2178234855991543	-0.1038028862223635	-0.3069371869385174	0.7860817964475164	-1.1901289458626376	-0.3120411781568751	-0.9945238864112088	0.7212188881270906	-0.8719520257041757	0.0545175195040866	-0.6193803494730974	-0.1688313502512105	0.3202259429376898	0.6522489853994151	-0.4114348543689545	2.6755992535737843	0.4236430199033182	-0.9965487614319976	0.1220184434339304	-0.4406959488155161	-0.3741569825062891	-0.8867982086230779	0.178000785187834	-0.8974102030358059	0.1995764689641286	-0.1833726696837527	0.103034526803895	-0.4328860674107671	0.121915561095825	-0.9493687284148694	-0.6075886921361293	-0.4096482501189047	0.8119221772523227	0.0031755355567098	-1.570802421961243	-1.2469369255986202	-0.2479443793964672	-0.6900305128705856	0.4739645731986955	1.9729474727645424	0.3194814212337545
-0.8947117643660346	0.4421835096544918	-0.4610009984150884	0.6700757313646712	-1.2287199808501117	2.24453152761945	-0.9550932654170456	0.729055126672173	0.1151163897504343	0.0593949785273582	-0.8858534945004412	0.6207195521453165	-0.8898331272219798	0.1521734403783231	0.5975521041172487	1.4570310109908902	0.1513956028602187	-0.4967380641687211	0.1538291479739393	-0.2370423351367372	-0.1948573994932353	-1.0057662025255745	0.358178916617824	-0.9624500544503292	0.1173187413693642	1.0241555369303692	-0.3116583406017626	0.4084479162813598	-0.5451100618705809	-0.3949328368496484	0.3756821448296689	-0.465052816441054	-0.7055557727040964	1.2620262771820725	-1.5688624483890996	-1.1620753524189045	-0.6249078901286387	0.3011769322905639	-0.4775633604843445	1.7294356493594338	0.8109119115336763
-1.2652172004160225	0.6405882345194822	0.0908886564296796	0.7239902799346574	-0.6511057737976665	-0.525038418136504	-1.1250722551976453	1.0234496094485508	-0.076062521926729	0.1703613806574473	-0.6488095807909225	-0.7058718712310964	0.7976743845605779	-0.746228068873576	0.6083800499155988	0.2828198995406214	-0.8439648826348792	-0.5136677697153071	0.3881019359139951	0.3190512597634818	0.2201974405427359	-0.7330731194380519	-0.3123978490143111	0.3326506336832393	-0.2528007510675636	0.5190018730159569	-0.6620931168209612	0.7783911177145896	0.4477864137643519	0.4534015579049384	0.7246777725899967	-0.3724876329807843	-0.2641904242780953	0.605941820450978	-1.582950304608055	-1.2767596873242792	-0.2573230297391741	1.0556078062200742	-0.6292342140237863	2.0827169504426366	0.4665299271447355
-0.7275933495053412	0.1019320373409958	0.1138442122923312	0.9035064022582932	-0.4667671113609719	1.1268543894616148	-0.7876182171699913	0.5848926212716313	-0.125181137670752	-0.6014550921326801	0.0001224289404166	-1.5203846609058251	-0.3363036172237543	-1.2085789808628866	-1.067430987070166	-0.5217529429190337	-1.2547740069368831	-0.7705766125474606	-0.0470732341109966	-0.1361178299893007	0.7542238603682918	-0.1148047434281698	-0.4737508586733101	1.442812232821417	-0.7362977278434377	-0.7046661650547036	-0.7946351949646903	0.4205767079559624	0.7722182026716745	0.6885407693054255	0.5403875754371411	-0.2351571559513045	0.7169247041383031	0.192311710793806	-1.6446743438571816	-1.363915247678058	-0.2480740629069802	0.47557405343855	-0.453286495231014	1.4012258122001535	-0.0349429250200021
0.7481379562888282	0.1006801953654483	0.2850077574211809	0.4405106241102161	-0.1262252531232599	4.578419829171807	1.0939497309579131	-1.1897358586570548	1.805069399094992	-1.6795234077594614	0.0211411217400879	-1.1870680231718511	-1.2457646294305793	-1.604219003333825	0.4593217829545762	-0.9896043261166196	-0.7904439744044921	-0.4061688047249719	-0.5149280290484546	-0.2103582364152021	-0.0323657645506563	-0.060105482481967	-0.1013543251080739	0.8268089015599839	-1.049664102256712	-1.0500397489704214	-0.3156137226503454	0.7671165696278301	0.2774574290253975	1.948504474650441	0.2580232218868371	-0.5325175413819748	-0.0721347539819201	0.7924192897862761	-1.6643787589407373	-1.413074284908853	-0.7308868948230616	-0.0556527026321799	-1.409398344039578	0.8199783350563201	0.7923510171811531
0.9009283833201076	-0.5163657327052843	0.994987722363572	-1.560246226866039	0.1115643844810698	1.1612557986117549	1.6559929438666146	-1.3405464116627464	2.91591396079892	-0.5482573081635451	0.1617617018002858	-1.2620910872205249	0.4144037537717666	-1.3711264381247457	1.4798395164229554	-0.5228292300053431	0.0938982067378073	0.6484420076877991	-0.5834858245652916	0.549948094586783	-1.2596952752409378	-0.1016781914109171	-0.2194778537314233	0.6399860709833598	-1.5122418690254715	-1.3662066852082717	-0.3866628283746208	0.7555367481763788	0.3491493635018498	2.2221784505275273	-0.2365026232949381	-0.6100574714309627	-0.5383143246880008	0.0470364207684146	-1.640144157508754	-1.5567789857236556	-0.3801490834700418	-0.0744284294421739	-0.1054576791698832	1.2873366453913693	0.8173045256519239
1.5137111006393922	-1.1241377124612415	0.9682699536486368	-1.1873533439275348	0.4492523039455056	-0.655899112670121	0.5925026816670291	-0.3044787029039275	2.4135376231707175	-0.7246024525750312	-0.3727704409156346	-1.420409203208897	0.9050455638904534	-0.7663617514696021	-0.5106151477579105	0.7550487522864416	0.8117051691626687	1.4485654494413294	-0.3891836966646589	1.180987716767326	-1.3717662882772252	0.7154221051199613	-0.3064184926566891	0.4257247361367494	-1.413127379953239	-1.606808539681826	-0.7006372281684627	0.0724786908235636	-0.8368912602345584	1.4156010484714512	0.2191128535731261	-0.6521008030400545	-0.8228783095261206	-0.9113423186340952	-1.6512416951988798	-1.7953522759269225	0.1401905555710158	-0.4662409572179797	2.137705557493259	1.1266683996601432	-0.4015177666536804
